-- MySQL dump 10.13  Distrib 9.5.0, for macos14.7 (x86_64)
--
-- Host: 123.184.59.97    Database: intel_cw
-- ------------------------------------------------------
-- Server version	8.4.2

/*!40101 SET @OLD_CHARACTER_SET_CLIENT=@@CHARACTER_SET_CLIENT */;
/*!40101 SET @OLD_CHARACTER_SET_RESULTS=@@CHARACTER_SET_RESULTS */;
/*!40101 SET @OLD_COLLATION_CONNECTION=@@COLLATION_CONNECTION */;
/*!50503 SET NAMES utf8mb4 */;
/*!40103 SET @OLD_TIME_ZONE=@@TIME_ZONE */;
/*!40103 SET TIME_ZONE='+00:00' */;
/*!40014 SET @OLD_UNIQUE_CHECKS=@@UNIQUE_CHECKS, UNIQUE_CHECKS=0 */;
/*!40014 SET @OLD_FOREIGN_KEY_CHECKS=@@FOREIGN_KEY_CHECKS, FOREIGN_KEY_CHECKS=0 */;
/*!40101 SET @OLD_SQL_MODE=@@SQL_MODE, SQL_MODE='NO_AUTO_VALUE_ON_ZERO' */;
/*!40111 SET @OLD_SQL_NOTES=@@SQL_NOTES, SQL_NOTES=0 */;

--
-- Table structure for table `host_exec_log`
--

DROP TABLE IF EXISTS `host_exec_log`;
/*!40101 SET @saved_cs_client     = @@character_set_client */;
/*!50503 SET character_set_client = utf8mb4 */;
CREATE TABLE `host_exec_log` (
  `id` bigint NOT NULL COMMENT '主键',
  `host_id` bigint DEFAULT NULL COMMENT '主机主键;host_rec 表主键',
  `user_id` varchar(64) COLLATE utf8mb4_general_ci DEFAULT NULL COMMENT '执行用户',
  `tc_id` varchar(64) COLLATE utf8mb4_general_ci DEFAULT NULL COMMENT '执行测试 id',
  `cycle_name` varchar(128) COLLATE utf8mb4_general_ci DEFAULT NULL COMMENT '周期名称',
  `user_name` varchar(32) COLLATE utf8mb4_general_ci DEFAULT NULL COMMENT '用户名称',
  `err_msg` longtext CHARACTER SET utf8mb4 COLLATE utf8mb4_bin COMMENT '异常信息',
  `begin_time` datetime DEFAULT NULL COMMENT '开始时间',
  `end_time` datetime DEFAULT NULL COMMENT '结束时间',
  `host_state` tinyint DEFAULT NULL COMMENT '主机状态;{free: 0, 空闲. lock: 1, 已锁定. occ: 2, 已占用. run: 3, case执行中.offline: 4, 离线.}',
  `case_state` tinyint DEFAULT '0' COMMENT 'case 执行状态;{free: 0, 空闲. start: 1, 启动. success: 2, 成功. failed: 3, 失败.}',
  `result_msg` varchar(255) COLLATE utf8mb4_general_ci DEFAULT NULL COMMENT '执行结果',
  `log_url` varchar(512) COLLATE utf8mb4_general_ci DEFAULT NULL COMMENT '执行日志 log 地址',
  `created_by` bigint DEFAULT NULL COMMENT '创建人',
  `exec_rmk` varchar(255) COLLATE utf8mb4_general_ci DEFAULT NULL COMMENT '备注信息',
  `created_time` datetime DEFAULT CURRENT_TIMESTAMP COMMENT '创建时间',
  `updated_by` bigint DEFAULT NULL COMMENT '更新人',
  `updated_time` datetime DEFAULT CURRENT_TIMESTAMP ON UPDATE CURRENT_TIMESTAMP COMMENT '更新时间',
  `del_flag` tinyint NOT NULL DEFAULT '0' COMMENT '删除标识;{useing: 0, 使用中. del: 1, 删除.}',
  PRIMARY KEY (`id`),
  KEY `ix_host` (`host_id`),
  KEY `ix_hs` (`host_state`),
  KEY `ix_ct` (`created_time`),
  KEY `ix_del` (`del_flag`),
  KEY `ix_user` (`user_id`),
  KEY `ix_case_state` (`case_state`),
  KEY `ix_host_case_begin_del` (`host_state`,`case_state`,`begin_time`,`del_flag`),
  CONSTRAINT `host_exec_log_chk_1` CHECK (json_valid(`err_msg`))
) ENGINE=InnoDB DEFAULT CHARSET=utf8mb4 COLLATE=utf8mb4_general_ci COMMENT='主机执行日志';
/*!40101 SET character_set_client = @saved_cs_client */;

--
-- Dumping data for table `host_exec_log`
--

LOCK TABLES `host_exec_log` WRITE;
/*!40000 ALTER TABLE `host_exec_log` DISABLE KEYS */;
INSERT INTO `host_exec_log` VALUES (1,1846557388006625421,'1','2','3','4',NULL,NULL,NULL,1,1,NULL,NULL,NULL,NULL,'2025-11-12 14:26:39',NULL,'2025-11-13 03:13:34',1),(2,1846557388006625421,'3','4','5','6',NULL,NULL,NULL,1,1,NULL,NULL,NULL,NULL,'2025-11-12 14:27:29',NULL,'2025-11-12 14:27:29',0),(4000000001,2000000001,'user001','TC-001','Cycle-2025-Q4','测试用户1',NULL,'2025-11-10 10:00:00','2025-11-10 10:30:00',3,2,'执行成功','http://logs.example.com/log1',1,NULL,'2025-11-10 10:00:00',1,'2025-11-13 08:14:30',0),(4000000002,2000000001,'user001','TC-002','Cycle-2025-Q4','测试用户1','{\"error\": \"timeout\", \"message\": \"执行超时\"}','2025-11-10 11:00:00','2025-11-10 11:15:00',3,3,'执行失败：超时','http://logs.example.com/log2',1,NULL,'2025-11-10 11:00:00',1,'2025-11-13 08:14:30',0),(4000000003,2000000001,'user002','TC-003','Cycle-2025-Q4','测试用户2',NULL,'2025-11-10 12:00:00',NULL,3,1,NULL,NULL,1,NULL,'2025-11-10 12:00:00',1,'2025-11-13 08:14:30',0),(4000000004,2000000001,'user002','TC-004','Cycle-2025-Q4','测试用户2',NULL,'2025-11-10 13:00:00','2025-11-10 14:30:00',3,2,'执行成功','http://logs.example.com/log4',1,NULL,'2025-11-10 13:00:00',1,'2025-11-13 08:14:30',0),(4000000005,2000000001,'user003','TC-005','Cycle-2025-Q4','测试用户3',NULL,NULL,NULL,0,0,NULL,NULL,1,NULL,'2025-11-10 14:00:00',1,'2025-11-13 08:14:30',0),(4000000006,2000000002,'user001','TC-101','Cycle-2025-Q4','测试用户1',NULL,'2025-11-11 10:00:00','2025-11-11 10:25:00',3,2,'执行成功','http://logs.example.com/log6',1,NULL,'2025-11-11 10:00:00',1,'2025-11-13 08:14:30',0),(4000000007,2000000002,'user001','TC-102','Cycle-2025-Q4','测试用户1',NULL,'2025-11-11 11:00:00','2025-11-11 11:20:00',3,2,'执行成功','http://logs.example.com/log7',1,NULL,'2025-11-11 11:00:00',1,'2025-11-13 08:14:30',0),(4000000008,2000000002,'user002','TC-103','Cycle-2025-Q4','测试用户2','{\"error\": \"out_of_memory\", \"message\": \"内存不足\"}','2025-11-11 12:00:00','2025-11-11 12:10:00',3,3,'执行失败：内存不足','http://logs.example.com/log8',1,NULL,'2025-11-11 12:00:00',1,'2025-11-13 08:14:30',0),(4000000009,2000000002,'user002','TC-104','Cycle-2025-Q4','测试用户2',NULL,'2025-11-11 13:00:00',NULL,3,1,NULL,NULL,1,NULL,'2025-11-11 13:00:00',1,'2025-11-13 08:14:30',0),(4000000010,2000000002,'user003','TC-105','Cycle-2025-Q4','测试用户3',NULL,NULL,NULL,2,0,NULL,NULL,1,NULL,'2025-11-11 14:00:00',1,'2025-11-13 08:14:30',0),(4000000011,2000000002,'user003','TC-106','Cycle-2025-Q4','测试用户3',NULL,'2025-11-11 15:00:00','2025-11-11 15:45:00',3,2,'执行成功','http://logs.example.com/log11',1,NULL,'2025-11-11 15:00:00',1,'2025-11-13 08:14:30',0),(4000000012,2000000003,'user001','TC-201','Cycle-2025-Q4','测试用户1',NULL,'2025-11-12 10:00:00','2025-11-12 10:35:00',3,2,'执行成功','http://logs.example.com/log12',1,NULL,'2025-11-12 10:00:00',1,'2025-11-13 08:14:30',0),(4000000013,2000000003,'user001','TC-202','Cycle-2025-Q4','测试用户1','{\"error\": \"connection_timeout\", \"message\": \"连接超时\"}','2025-11-12 11:00:00','2025-11-12 11:05:00',3,3,'执行失败：连接超时','http://logs.example.com/log13',1,NULL,'2025-11-12 11:00:00',1,'2025-11-13 08:14:30',0),(4000000014,2000000003,'user002','TC-203','Cycle-2025-Q4','测试用户2',NULL,'2025-11-12 12:00:00',NULL,3,1,NULL,NULL,1,NULL,'2025-11-12 12:00:00',1,'2025-11-13 08:14:30',0),(4000000015,2000000003,'user002','TC-204','Cycle-2025-Q4','测试用户2',NULL,'2025-11-12 13:00:00','2025-11-12 13:50:00',3,2,'执行成功','http://logs.example.com/log15',1,NULL,'2025-11-12 13:00:00',1,'2025-11-13 08:14:30',0),(4000000016,2000000003,'user003','TC-205','Cycle-2025-Q4','测试用户3',NULL,NULL,NULL,0,0,NULL,NULL,1,NULL,'2025-11-12 14:00:00',1,'2025-11-13 08:14:30',0),(4000000017,2000000004,'user001','TC-301','Cycle-2025-Q4','测试用户1',NULL,'2025-11-13 10:00:00','2025-11-13 10:40:00',3,2,'执行成功','http://logs.example.com/log17',1,NULL,'2025-11-13 10:00:00',1,'2025-11-13 08:14:30',0),(4000000018,2000000004,'user001','TC-302','Cycle-2025-Q4','测试用户1',NULL,'2025-11-13 11:00:00','2025-11-13 11:30:00',3,2,'执行成功','http://logs.example.com/log18',1,NULL,'2025-11-13 11:00:00',1,'2025-11-13 08:14:30',0),(4000000019,2000000004,'user002','TC-303','Cycle-2025-Q4','测试用户2','{\"error\": \"resource_exhausted\", \"message\": \"资源不足\"}','2025-11-13 12:00:00','2025-11-13 12:08:00',3,3,'执行失败：资源不足','http://logs.example.com/log19',1,NULL,'2025-11-13 12:00:00',1,'2025-11-13 08:14:30',0),(4000000020,2000000004,'user002','TC-304','Cycle-2025-Q4','测试用户2',NULL,'2025-11-13 13:00:00',NULL,3,1,NULL,NULL,1,NULL,'2025-11-13 13:00:00',1,'2025-11-13 08:14:30',0),(4000000021,2000000004,'user003','TC-305','Cycle-2025-Q4','测试用户3',NULL,NULL,NULL,2,0,NULL,NULL,1,NULL,'2025-11-13 14:00:00',1,'2025-11-13 08:14:30',0),(4000000022,2000000004,'user003','TC-306','Cycle-2025-Q4','测试用户3',NULL,'2025-11-13 15:00:00','2025-11-13 16:00:00',3,2,'执行成功','http://logs.example.com/log22',1,NULL,'2025-11-13 15:00:00',1,'2025-11-13 08:14:30',0),(4000000023,2000000005,'user001','TC-401','Cycle-2025-Q4','测试用户1',NULL,'2025-11-14 10:00:00','2025-11-14 10:28:00',3,2,'执行成功','http://logs.example.com/log23',1,NULL,'2025-11-14 10:00:00',1,'2025-11-13 08:14:30',0),(4000000024,2000000005,'user001','TC-402','Cycle-2025-Q4','测试用户1','{\"error\": \"network_error\", \"message\": \"网络连接失败\"}','2025-11-14 11:00:00','2025-11-14 11:12:00',3,3,'执行失败：网络错误','http://logs.example.com/log24',1,NULL,'2025-11-14 11:00:00',1,'2025-11-13 08:14:30',0),(4000000025,2000000005,'user002','TC-403','Cycle-2025-Q4','测试用户2',NULL,'2025-11-14 12:00:00',NULL,3,1,NULL,NULL,1,NULL,'2025-11-14 12:00:00',1,'2025-11-13 08:14:30',0),(4000000026,2000000005,'user002','TC-404','Cycle-2025-Q4','测试用户2',NULL,'2025-11-14 13:00:00','2025-11-14 13:55:00',3,2,'执行成功','http://logs.example.com/log26',1,NULL,'2025-11-14 13:00:00',1,'2025-11-13 08:14:30',0),(4000000027,2000000005,'user003','TC-405','Cycle-2025-Q4','测试用户3',NULL,NULL,NULL,0,0,NULL,NULL,1,NULL,'2025-11-14 14:00:00',1,'2025-11-13 08:14:30',0),(4000000028,2000000006,'user001','TC-501','Cycle-2025-Q4','测试用户1',NULL,'2025-11-15 10:00:00','2025-11-15 10:32:00',3,2,'执行成功','http://logs.example.com/log28',1,NULL,'2025-11-15 10:00:00',1,'2025-11-13 08:23:37',0),(4000000029,2000000006,'user001','TC-502','Cycle-2025-Q4','测试用户1',NULL,'2025-11-15 11:00:00','2025-11-15 11:22:00',3,2,'执行成功','http://logs.example.com/log29',1,NULL,'2025-11-15 11:00:00',1,'2025-11-13 08:23:37',0),(4000000030,2000000006,'user002','TC-503','Cycle-2025-Q4','测试用户2','{\"error\": \"config_error\", \"message\": \"配置参数错误\"}','2025-11-15 12:00:00','2025-11-15 12:15:00',3,3,'执行失败：配置错误','http://logs.example.com/log30',1,NULL,'2025-11-15 12:00:00',1,'2025-11-13 08:23:37',0),(4000000031,2000000006,'user002','TC-504','Cycle-2025-Q4','测试用户2',NULL,'2025-11-15 13:00:00',NULL,3,1,NULL,NULL,1,NULL,'2025-11-15 13:00:00',1,'2025-11-13 08:23:37',0),(4000000032,2000000006,'user003','TC-505','Cycle-2025-Q4','测试用户3',NULL,NULL,NULL,2,0,NULL,NULL,1,NULL,'2025-11-15 14:00:00',1,'2025-11-13 08:23:37',0),(4000000033,2000000006,'user003','TC-506','Cycle-2025-Q4','测试用户3',NULL,'2025-11-15 15:00:00','2025-11-15 15:50:00',3,2,'执行成功','http://logs.example.com/log33',1,NULL,'2025-11-15 15:00:00',1,'2025-11-13 08:23:37',0),(4000000034,2000000007,'user001','TC-601','Cycle-2025-Q4','测试用户1',NULL,'2025-11-16 10:00:00','2025-11-16 10:35:00',3,2,'执行成功','http://logs.example.com/log34',1,NULL,'2025-11-16 10:00:00',1,'2025-11-13 08:23:37',0),(4000000035,2000000007,'user001','TC-602','Cycle-2025-Q4','测试用户1','{\"error\": \"permission_denied\", \"message\": \"权限不足\"}','2025-11-16 11:00:00','2025-11-16 11:08:00',3,3,'执行失败：权限不足','http://logs.example.com/log35',1,NULL,'2025-11-16 11:00:00',1,'2025-11-13 08:23:37',0),(4000000036,2000000007,'user002','TC-603','Cycle-2025-Q4','测试用户2',NULL,'2025-11-16 12:00:00',NULL,3,1,NULL,NULL,1,NULL,'2025-11-16 12:00:00',1,'2025-11-13 08:23:37',0),(4000000037,2000000007,'user002','TC-604','Cycle-2025-Q4','测试用户2',NULL,'2025-11-16 13:00:00','2025-11-16 13:48:00',3,2,'执行成功','http://logs.example.com/log37',1,NULL,'2025-11-16 13:00:00',1,'2025-11-13 08:23:37',0),(4000000038,2000000007,'user003','TC-605','Cycle-2025-Q4','测试用户3',NULL,NULL,NULL,0,0,NULL,NULL,1,NULL,'2025-11-16 14:00:00',1,'2025-11-13 08:23:37',0),(4000000039,2000000008,'user001','TC-701','Cycle-2025-Q4','测试用户1',NULL,'2025-11-17 10:00:00','2025-11-17 10:38:00',3,2,'执行成功','http://logs.example.com/log39',1,NULL,'2025-11-17 10:00:00',1,'2025-11-13 08:23:37',0),(4000000040,2000000008,'user001','TC-702','Cycle-2025-Q4','测试用户1',NULL,'2025-11-17 11:00:00','2025-11-17 11:25:00',3,2,'执行成功','http://logs.example.com/log40',1,NULL,'2025-11-17 11:00:00',1,'2025-11-13 08:23:37',0),(4000000041,2000000008,'user002','TC-703','Cycle-2025-Q4','测试用户2','{\"error\": \"data_format_error\", \"message\": \"数据格式不正确\"}','2025-11-17 12:00:00','2025-11-17 12:10:00',3,3,'执行失败：数据格式错误','http://logs.example.com/log41',1,NULL,'2025-11-17 12:00:00',1,'2025-11-13 08:23:37',0),(4000000042,2000000008,'user002','TC-704','Cycle-2025-Q4','测试用户2',NULL,'2025-11-17 13:00:00',NULL,3,1,NULL,NULL,1,NULL,'2025-11-17 13:00:00',1,'2025-11-13 08:23:37',0),(4000000043,2000000008,'user003','TC-705','Cycle-2025-Q4','测试用户3',NULL,NULL,NULL,2,0,NULL,NULL,1,NULL,'2025-11-17 14:00:00',1,'2025-11-13 08:23:37',0),(4000000044,2000000008,'user003','TC-706','Cycle-2025-Q4','测试用户3',NULL,'2025-11-17 15:00:00','2025-11-17 16:05:00',3,2,'执行成功','http://logs.example.com/log44',1,NULL,'2025-11-17 15:00:00',1,'2025-11-13 08:23:37',0),(4000000045,2000000009,'user001','TC-801','Cycle-2025-Q4','测试用户1',NULL,'2025-11-18 10:00:00','2025-11-18 10:40:00',3,2,'执行成功','http://logs.example.com/log45',1,NULL,'2025-11-18 10:00:00',1,'2025-11-13 08:23:37',0),(4000000046,2000000009,'user001','TC-802','Cycle-2025-Q4','测试用户1','{\"error\": \"service_unavailable\", \"message\": \"服务暂时不可用\"}','2025-11-18 11:00:00','2025-11-18 11:14:00',3,3,'执行失败：服务不可用','http://logs.example.com/log46',1,NULL,'2025-11-18 11:00:00',1,'2025-11-13 08:23:37',0),(4000000047,2000000009,'user002','TC-803','Cycle-2025-Q4','测试用户2',NULL,'2025-11-18 12:00:00',NULL,3,1,NULL,NULL,1,NULL,'2025-11-18 12:00:00',1,'2025-11-13 08:23:37',0),(4000000048,2000000009,'user002','TC-804','Cycle-2025-Q4','测试用户2',NULL,'2025-11-18 13:00:00','2025-11-18 13:52:00',3,2,'执行成功','http://logs.example.com/log48',1,NULL,'2025-11-18 13:00:00',1,'2025-11-13 08:23:37',0),(4000000049,2000000009,'user003','TC-805','Cycle-2025-Q4','测试用户3',NULL,NULL,NULL,0,0,NULL,NULL,1,NULL,'2025-11-18 14:00:00',1,'2025-11-13 08:23:37',0),(4000000050,2000000010,'user001','TC-901','Cycle-2025-Q4','测试用户1',NULL,'2025-11-19 10:00:00','2025-11-19 10:42:00',3,2,'执行成功','http://logs.example.com/log50',1,NULL,'2025-11-19 10:00:00',1,'2025-11-13 08:23:37',0),(4000000051,2000000010,'user001','TC-902','Cycle-2025-Q4','测试用户1',NULL,'2025-11-19 11:00:00','2025-11-19 11:28:00',3,2,'执行成功','http://logs.example.com/log51',1,NULL,'2025-11-19 11:00:00',1,'2025-11-13 08:23:37',0),(4000000052,2000000010,'user002','TC-903','Cycle-2025-Q4','测试用户2','{\"error\": \"dependency_error\", \"message\": \"依赖服务异常\"}','2025-11-19 12:00:00','2025-11-19 12:12:00',3,3,'执行失败：依赖服务异常','http://logs.example.com/log52',1,NULL,'2025-11-19 12:00:00',1,'2025-11-13 08:23:37',0),(4000000053,2000000010,'user002','TC-904','Cycle-2025-Q4','测试用户2',NULL,'2025-11-19 13:00:00',NULL,3,1,NULL,NULL,1,NULL,'2025-11-19 13:00:00',1,'2025-11-13 08:23:37',0),(4000000054,2000000010,'user003','TC-905','Cycle-2025-Q4','测试用户3',NULL,NULL,NULL,2,0,NULL,NULL,1,NULL,'2025-11-19 14:00:00',1,'2025-11-13 08:23:37',0),(4000000055,2000000010,'user003','TC-906','Cycle-2025-Q4','测试用户3',NULL,'2025-11-19 15:00:00','2025-11-19 16:10:00',3,2,'执行成功','http://logs.example.com/log55',1,NULL,'2025-11-19 15:00:00',1,'2025-11-13 08:23:37',0),(5000000001,3000000001,'user003','TC-EXEC-001-001','Cycle-2025-Q4','测试用户3',NULL,'2025-11-04 13:19:23','2025-11-04 15:01:23',2,2,'执行成功','http://logs.example.com/exec-001-001.log',1,NULL,'2025-11-04 13:18:53',1,'2025-11-13 08:44:05',0),(5000000002,3000000001,'user001','TC-EXEC-001-002','Cycle-2025-Q4','测试用户1',NULL,'2025-11-10 12:40:31','2025-11-10 14:37:31',1,2,'执行成功','http://logs.example.com/exec-001-002.log',1,NULL,'2025-11-10 12:39:37',1,'2025-11-13 08:44:05',0),(5000000003,3000000001,'user005','TC-EXEC-001-003','Cycle-2025-Q4','测试用户5',NULL,'2025-10-23 15:43:51','2025-10-23 16:41:51',2,2,'执行成功','http://logs.example.com/exec-001-003.log',1,NULL,'2025-10-23 15:43:05',1,'2025-11-13 08:44:05',0),(5000000004,3000000001,'user004','TC-EXEC-001-004','Cycle-2025-Q4','测试用户4',NULL,'2025-10-29 09:13:49','2025-10-29 11:02:49',0,2,'执行成功','http://logs.example.com/exec-001-004.log',1,NULL,'2025-10-29 09:13:31',1,'2025-11-13 08:44:05',0),(5000000005,3000000001,'user002','TC-EXEC-001-005','Cycle-2025-Q4','测试用户2',NULL,'2025-11-13 13:49:30','2025-11-13 15:23:30',1,0,NULL,NULL,1,NULL,'2025-11-13 13:48:33',1,'2025-11-13 08:44:05',0),(5000000006,3000000001,'user003','TC-EXEC-001-006','Cycle-2025-Q4','测试用户3','{\"error\": \"network_timeout\", \"message\": \"网络连接超时\"}','2025-10-27 08:34:35','2025-10-27 09:30:35',3,3,'执行失败：网络连接超时','http://logs.example.com/exec-001-006.log',1,NULL,'2025-10-27 08:33:54',1,'2025-11-13 08:44:05',0),(5000000007,3000000001,'user005','TC-EXEC-001-007','Cycle-2025-Q4','测试用户5','{\"error\": \"data_format_error\", \"message\": \"数据格式不正确\"}','2025-10-24 18:20:28','2025-10-24 19:16:28',0,3,'执行失败：数据格式不正确','http://logs.example.com/exec-001-007.log',1,NULL,'2025-10-24 18:19:31',1,'2025-11-13 08:44:05',0),(5000000008,3000000001,'user003','TC-EXEC-001-008','Cycle-2025-Q4','测试用户3','{\"error\": \"timeout_error\", \"message\": \"操作超时\"}','2025-10-20 20:59:05','2025-10-20 22:18:05',2,3,'执行失败：操作超时','http://logs.example.com/exec-001-008.log',1,NULL,'2025-10-20 20:59:03',1,'2025-11-13 08:44:05',0),(5000000009,3000000001,'user001','TC-EXEC-001-009','Cycle-2025-Q4','测试用户1','{\"error\": \"resource_exhausted\", \"message\": \"系统资源不足\"}','2025-10-15 19:40:59','2025-10-15 20:35:59',2,3,'执行失败：系统资源不足','http://logs.example.com/exec-001-009.log',1,NULL,'2025-10-15 19:40:25',1,'2025-11-13 08:44:05',0),(5000000010,3000000001,'user002','TC-EXEC-001-010','Cycle-2025-Q4','测试用户2',NULL,'2025-10-16 10:58:04','2025-10-16 11:10:04',0,2,'执行成功','http://logs.example.com/exec-001-010.log',1,NULL,'2025-10-16 10:58:03',1,'2025-11-13 08:44:05',0),(5000000011,3000000001,'user001','TC-EXEC-001-011','Cycle-2025-Q4','测试用户1',NULL,'2025-11-07 10:25:57','2025-11-07 11:05:57',3,2,'执行成功','http://logs.example.com/exec-001-011.log',1,NULL,'2025-11-07 10:25:10',1,'2025-11-13 08:44:05',0),(5000000012,3000000001,'user003','TC-EXEC-001-012','Cycle-2025-Q4','测试用户3',NULL,'2025-11-04 19:51:00',NULL,3,2,'执行成功','http://logs.example.com/exec-001-012.log',1,NULL,'2025-11-04 19:50:35',1,'2025-11-13 08:44:05',0),(5000000013,3000000001,'user005','TC-EXEC-001-013','Cycle-2025-Q4','测试用户5',NULL,NULL,NULL,2,2,'执行成功','http://logs.example.com/exec-001-013.log',1,NULL,'2025-10-26 08:30:20',1,'2025-11-13 08:44:05',0),(5000000014,3000000001,'user003','TC-EXEC-001-014','Cycle-2025-Q4','测试用户3',NULL,NULL,NULL,1,1,NULL,NULL,1,NULL,'2025-11-11 08:30:20',1,'2025-11-13 08:44:05',0),(5000000015,3000000001,'user001','TC-EXEC-001-015','Cycle-2025-Q4','测试用户1',NULL,'2025-11-01 12:45:23','2025-11-01 12:55:23',1,2,'执行成功','http://logs.example.com/exec-001-015.log',1,NULL,'2025-11-01 12:44:40',1,'2025-11-13 08:44:05',0),(5000000016,3000000001,'user005','TC-EXEC-001-016','Cycle-2025-Q4','测试用户5',NULL,'2025-10-17 08:16:48','2025-10-17 09:48:48',3,0,NULL,NULL,1,NULL,'2025-10-17 08:16:46',1,'2025-11-13 08:44:05',0),(5000000017,3000000001,'user002','TC-EXEC-001-017','Cycle-2025-Q4','测试用户2',NULL,NULL,NULL,3,1,NULL,NULL,1,NULL,'2025-11-05 08:30:20',1,'2025-11-13 08:44:05',0),(5000000018,3000000001,'user001','TC-EXEC-001-018','Cycle-2025-Q4','测试用户1',NULL,'2025-11-03 13:34:56','2025-11-03 14:15:56',2,2,'执行成功','http://logs.example.com/exec-001-018.log',1,NULL,'2025-11-03 13:34:38',1,'2025-11-13 08:44:05',0),(5000000019,3000000001,'user003','TC-EXEC-001-019','Cycle-2025-Q4','测试用户3',NULL,'2025-10-28 08:14:45','2025-10-28 09:50:45',1,0,NULL,NULL,1,NULL,'2025-10-28 08:14:13',1,'2025-11-13 08:44:05',0),(5000000020,3000000001,'user002','TC-EXEC-001-020','Cycle-2025-Q4','测试用户2','{\"error\": \"service_unavailable\", \"message\": \"服务暂时不可用\"}','2025-11-02 18:31:35','2025-11-02 19:20:35',0,3,'执行失败：服务暂时不可用','http://logs.example.com/exec-001-020.log',1,NULL,'2025-11-02 18:31:11',1,'2025-11-13 08:44:05',0),(5000000021,3000000001,'user002','TC-EXEC-001-021','Cycle-2025-Q4','测试用户2',NULL,'2025-10-29 10:01:35','2025-10-29 10:15:35',3,2,'执行成功','http://logs.example.com/exec-001-021.log',1,NULL,'2025-10-29 10:00:58',1,'2025-11-13 08:44:05',0),(5000000022,3000000001,'user003','TC-EXEC-001-022','Cycle-2025-Q4','测试用户3',NULL,'2025-11-13 09:30:26','2025-11-13 09:47:26',2,2,'执行成功','http://logs.example.com/exec-001-022.log',1,NULL,'2025-11-13 09:29:42',1,'2025-11-13 08:44:05',0),(5000000023,3000000001,'user005','TC-EXEC-001-023','Cycle-2025-Q4','测试用户5',NULL,'2025-11-11 15:52:37','2025-11-11 17:33:37',0,1,NULL,NULL,1,NULL,'2025-11-11 15:51:56',1,'2025-11-13 08:44:05',0),(5000000024,3000000001,'user002','TC-EXEC-001-024','Cycle-2025-Q4','测试用户2',NULL,'2025-11-11 08:37:51','2025-11-11 09:41:51',2,2,'执行成功','http://logs.example.com/exec-001-024.log',1,NULL,'2025-11-11 08:36:55',1,'2025-11-13 08:44:05',0),(5000000025,3000000001,'user005','TC-EXEC-001-025','Cycle-2025-Q4','测试用户5',NULL,'2025-10-21 11:08:17','2025-10-21 11:25:17',3,2,'执行成功','http://logs.example.com/exec-001-025.log',1,NULL,'2025-10-21 11:07:57',1,'2025-11-13 08:44:05',0),(5000000026,3000000001,'user001','TC-EXEC-001-026','Cycle-2025-Q4','测试用户1','{\"error\": \"data_format_error\", \"message\": \"数据格式不正确\"}','2025-10-26 11:37:13','2025-10-26 13:24:13',3,3,'执行失败：数据格式不正确','http://logs.example.com/exec-001-026.log',1,NULL,'2025-10-26 11:36:56',1,'2025-11-13 08:44:05',0),(5000000027,3000000001,'user001','TC-EXEC-001-027','Cycle-2025-Q4','测试用户1',NULL,'2025-11-05 10:41:37','2025-11-05 12:07:37',0,2,'执行成功','http://logs.example.com/exec-001-027.log',1,NULL,'2025-11-05 10:41:04',1,'2025-11-13 08:44:05',0),(5000000028,3000000001,'user004','TC-EXEC-001-028','Cycle-2025-Q4','测试用户4','{\"error\": \"service_unavailable\", \"message\": \"服务暂时不可用\"}','2025-11-01 14:06:34','2025-11-01 14:53:34',1,3,'执行失败：服务暂时不可用','http://logs.example.com/exec-001-028.log',1,NULL,'2025-11-01 14:06:31',1,'2025-11-13 08:44:05',0),(5000000029,3000000001,'user002','TC-EXEC-001-029','Cycle-2025-Q4','测试用户2','{\"error\": \"resource_exhausted\", \"message\": \"系统资源不足\"}','2025-10-15 16:30:26','2025-10-15 16:50:26',0,3,'执行失败：系统资源不足','http://logs.example.com/exec-001-029.log',1,NULL,'2025-10-15 16:30:12',1,'2025-11-13 08:44:05',0),(5000000030,3000000001,'user001','TC-EXEC-001-030','Cycle-2025-Q4','测试用户1',NULL,'2025-11-10 14:09:04',NULL,3,2,'执行成功','http://logs.example.com/exec-001-030.log',1,NULL,'2025-11-10 14:08:50',1,'2025-11-13 08:44:05',0),(5000000031,3000000001,'user004','TC-EXEC-001-031','Cycle-2025-Q4','测试用户4',NULL,'2025-10-17 14:45:05','2025-10-17 14:55:05',3,2,'执行成功','http://logs.example.com/exec-001-031.log',1,NULL,'2025-10-17 14:44:46',1,'2025-11-13 08:44:05',0),(5000000032,3000000001,'user003','TC-EXEC-001-032','Cycle-2025-Q4','测试用户3',NULL,'2025-11-09 12:44:08','2025-11-09 12:58:08',3,2,'执行成功','http://logs.example.com/exec-001-032.log',1,NULL,'2025-11-09 12:43:44',1,'2025-11-13 08:44:05',0),(5000000033,3000000001,'user004','TC-EXEC-001-033','Cycle-2025-Q4','测试用户4',NULL,'2025-10-28 13:05:24',NULL,2,2,'执行成功','http://logs.example.com/exec-001-033.log',1,NULL,'2025-10-28 13:04:59',1,'2025-11-13 08:44:05',0),(5000000034,3000000001,'user001','TC-EXEC-001-034','Cycle-2025-Q4','测试用户1',NULL,'2025-11-11 08:09:58','2025-11-11 08:33:58',3,1,NULL,NULL,1,NULL,'2025-11-11 08:09:52',1,'2025-11-13 08:44:05',0),(5000000035,3000000001,'user003','TC-EXEC-001-035','Cycle-2025-Q4','测试用户3',NULL,'2025-10-24 11:38:40','2025-10-24 12:16:40',3,2,'执行成功','http://logs.example.com/exec-001-035.log',1,NULL,'2025-10-24 11:38:10',1,'2025-11-13 08:44:05',0),(5000000036,3000000002,'user004','TC-EXEC-002-001','Cycle-2025-Q4','测试用户4',NULL,'2025-10-29 14:57:07','2025-10-29 15:11:07',3,2,'执行成功','http://logs.example.com/exec-002-001.log',1,NULL,'2025-10-29 14:56:16',1,'2025-11-13 08:44:05',0),(5000000037,3000000002,'user004','TC-EXEC-002-002','Cycle-2025-Q4','测试用户4',NULL,'2025-10-19 11:58:13','2025-10-19 13:34:13',3,0,NULL,NULL,1,NULL,'2025-10-19 11:57:34',1,'2025-11-13 08:44:05',0),(5000000038,3000000002,'user004','TC-EXEC-002-003','Cycle-2025-Q4','测试用户4',NULL,NULL,NULL,2,2,'执行成功','http://logs.example.com/exec-002-003.log',1,NULL,'2025-11-04 08:30:20',1,'2025-11-13 08:44:05',0),(5000000039,3000000002,'user002','TC-EXEC-002-004','Cycle-2025-Q4','测试用户2','{\"error\": \"dependency_error\", \"message\": \"依赖服务异常\"}','2025-10-30 18:21:10','2025-10-30 18:52:10',3,3,'执行失败：依赖服务异常','http://logs.example.com/exec-002-004.log',1,NULL,'2025-10-30 18:20:36',1,'2025-11-13 08:44:05',0),(5000000040,3000000002,'user002','TC-EXEC-002-005','Cycle-2025-Q4','测试用户2','{\"error\": \"config_error\", \"message\": \"配置参数错误\"}','2025-10-21 18:39:37','2025-10-21 20:18:37',3,3,'执行失败：配置参数错误','http://logs.example.com/exec-002-005.log',1,NULL,'2025-10-21 18:39:34',1,'2025-11-13 08:44:05',0),(5000000041,3000000002,'user003','TC-EXEC-002-006','Cycle-2025-Q4','测试用户3',NULL,'2025-10-15 20:11:07','2025-10-15 21:45:07',3,2,'执行成功','http://logs.example.com/exec-002-006.log',1,NULL,'2025-10-15 20:10:15',1,'2025-11-13 08:44:05',0),(5000000042,3000000002,'user002','TC-EXEC-002-007','Cycle-2025-Q4','测试用户2','{\"error\": \"permission_denied\", \"message\": \"权限不足\"}','2025-11-06 15:35:28',NULL,3,3,'执行失败：权限不足','http://logs.example.com/exec-002-007.log',1,NULL,'2025-11-06 15:35:10',1,'2025-11-13 08:44:05',0),(5000000043,3000000002,'user002','TC-EXEC-002-008','Cycle-2025-Q4','测试用户2',NULL,'2025-10-15 09:12:48','2025-10-15 10:36:48',0,2,'执行成功','http://logs.example.com/exec-002-008.log',1,NULL,'2025-10-15 09:12:23',1,'2025-11-13 08:44:05',0),(5000000044,3000000002,'user004','TC-EXEC-002-009','Cycle-2025-Q4','测试用户4',NULL,'2025-11-10 13:38:16','2025-11-10 14:41:16',1,2,'执行成功','http://logs.example.com/exec-002-009.log',1,NULL,'2025-11-10 13:37:29',1,'2025-11-13 08:44:05',0),(5000000045,3000000002,'user004','TC-EXEC-002-010','Cycle-2025-Q4','测试用户4','{\"error\": \"data_format_error\", \"message\": \"数据格式不正确\"}','2025-11-05 13:26:30','2025-11-05 14:53:30',2,3,'执行失败：数据格式不正确','http://logs.example.com/exec-002-010.log',1,NULL,'2025-11-05 13:25:54',1,'2025-11-13 08:44:05',0),(5000000046,3000000002,'user005','TC-EXEC-002-011','Cycle-2025-Q4','测试用户5',NULL,'2025-10-18 08:39:14','2025-10-18 10:31:14',1,2,'执行成功','http://logs.example.com/exec-002-011.log',1,NULL,'2025-10-18 08:38:45',1,'2025-11-13 08:44:05',0),(5000000047,3000000002,'user005','TC-EXEC-002-012','Cycle-2025-Q4','测试用户5',NULL,'2025-11-01 18:22:24','2025-11-01 19:15:24',0,0,NULL,NULL,1,NULL,'2025-11-01 18:22:02',1,'2025-11-13 08:44:05',0),(5000000048,3000000002,'user002','TC-EXEC-002-013','Cycle-2025-Q4','测试用户2',NULL,'2025-11-07 16:28:25','2025-11-07 18:16:25',0,2,'执行成功','http://logs.example.com/exec-002-013.log',1,NULL,'2025-11-07 16:28:23',1,'2025-11-13 08:44:05',0),(5000000049,3000000002,'user003','TC-EXEC-002-014','Cycle-2025-Q4','测试用户3','{\"error\": \"config_error\", \"message\": \"配置参数错误\"}','2025-10-22 19:19:14','2025-10-22 20:49:14',3,3,'执行失败：配置参数错误','http://logs.example.com/exec-002-014.log',1,NULL,'2025-10-22 19:18:16',1,'2025-11-13 08:44:05',0),(5000000050,3000000002,'user002','TC-EXEC-002-015','Cycle-2025-Q4','测试用户2',NULL,'2025-10-14 14:23:55','2025-10-14 14:55:55',2,2,'执行成功','http://logs.example.com/exec-002-015.log',1,NULL,'2025-10-14 14:23:52',1,'2025-11-13 08:44:05',0),(5000000051,3000000002,'user002','TC-EXEC-002-016','Cycle-2025-Q4','测试用户2',NULL,NULL,NULL,3,1,NULL,NULL,1,NULL,'2025-10-30 08:30:20',1,'2025-11-13 08:44:05',0),(5000000052,3000000002,'user004','TC-EXEC-002-017','Cycle-2025-Q4','测试用户4',NULL,'2025-10-30 16:05:01','2025-10-30 16:50:01',0,2,'执行成功','http://logs.example.com/exec-002-017.log',1,NULL,'2025-10-30 16:04:29',1,'2025-11-13 08:44:05',0),(5000000053,3000000002,'user002','TC-EXEC-002-018','Cycle-2025-Q4','测试用户2','{\"error\": \"data_format_error\", \"message\": \"数据格式不正确\"}','2025-11-10 15:12:27','2025-11-10 16:40:27',3,3,'执行失败：数据格式不正确','http://logs.example.com/exec-002-018.log',1,NULL,'2025-11-10 15:11:53',1,'2025-11-13 08:44:05',0),(5000000054,3000000002,'user004','TC-EXEC-002-019','Cycle-2025-Q4','测试用户4',NULL,'2025-10-22 14:05:14','2025-10-22 16:01:14',3,2,'执行成功','http://logs.example.com/exec-002-019.log',1,NULL,'2025-10-22 14:04:54',1,'2025-11-13 08:44:05',0),(5000000055,3000000002,'user004','TC-EXEC-002-020','Cycle-2025-Q4','测试用户4',NULL,'2025-11-13 12:13:03','2025-11-13 13:30:03',3,2,'执行成功','http://logs.example.com/exec-002-020.log',1,NULL,'2025-11-13 12:12:08',1,'2025-11-13 08:44:05',0),(5000000056,3000000002,'user002','TC-EXEC-002-021','Cycle-2025-Q4','测试用户2',NULL,'2025-10-14 13:16:12','2025-10-14 14:00:12',1,2,'执行成功','http://logs.example.com/exec-002-021.log',1,NULL,'2025-10-14 13:15:20',1,'2025-11-13 08:44:05',0),(5000000057,3000000002,'user005','TC-EXEC-002-022','Cycle-2025-Q4','测试用户5',NULL,'2025-11-05 12:31:03','2025-11-05 13:34:03',3,0,NULL,NULL,1,NULL,'2025-11-05 12:30:59',1,'2025-11-13 08:44:05',0),(5000000058,3000000002,'user004','TC-EXEC-002-023','Cycle-2025-Q4','测试用户4',NULL,'2025-11-05 17:00:47','2025-11-05 18:26:47',0,2,'执行成功','http://logs.example.com/exec-002-023.log',1,NULL,'2025-11-05 16:59:50',1,'2025-11-13 08:44:05',0),(5000000059,3000000002,'user005','TC-EXEC-002-024','Cycle-2025-Q4','测试用户5',NULL,'2025-10-18 17:51:55','2025-10-18 19:27:55',3,2,'执行成功','http://logs.example.com/exec-002-024.log',1,NULL,'2025-10-18 17:51:15',1,'2025-11-13 08:44:05',0),(5000000060,3000000002,'user001','TC-EXEC-002-025','Cycle-2025-Q4','测试用户1',NULL,'2025-11-09 08:52:22','2025-11-09 10:44:22',3,2,'执行成功','http://logs.example.com/exec-002-025.log',1,NULL,'2025-11-09 08:52:02',1,'2025-11-13 08:44:05',0),(5000000061,3000000002,'user003','TC-EXEC-002-026','Cycle-2025-Q4','测试用户3',NULL,'2025-11-05 18:16:42','2025-11-05 18:56:42',0,2,'执行成功','http://logs.example.com/exec-002-026.log',1,NULL,'2025-11-05 18:16:19',1,'2025-11-13 08:44:05',0),(5000000062,3000000002,'user005','TC-EXEC-002-027','Cycle-2025-Q4','测试用户5',NULL,'2025-10-18 17:59:25','2025-10-18 19:39:25',1,2,'执行成功','http://logs.example.com/exec-002-027.log',1,NULL,'2025-10-18 17:59:18',1,'2025-11-13 08:44:05',0),(5000000063,3000000002,'user003','TC-EXEC-002-028','Cycle-2025-Q4','测试用户3',NULL,'2025-10-28 17:56:50','2025-10-28 19:22:50',2,2,'执行成功','http://logs.example.com/exec-002-028.log',1,NULL,'2025-10-28 17:56:01',1,'2025-11-13 08:44:05',0),(5000000064,3000000002,'user001','TC-EXEC-002-029','Cycle-2025-Q4','测试用户1','{\"error\": \"resource_exhausted\", \"message\": \"系统资源不足\"}','2025-11-03 16:25:38','2025-11-03 18:03:38',0,3,'执行失败：系统资源不足','http://logs.example.com/exec-002-029.log',1,NULL,'2025-11-03 16:25:03',1,'2025-11-13 08:44:05',0),(5000000065,3000000002,'user003','TC-EXEC-002-030','Cycle-2025-Q4','测试用户3','{\"error\": \"data_format_error\", \"message\": \"数据格式不正确\"}','2025-11-04 14:27:24','2025-11-04 15:00:24',2,3,'执行失败：数据格式不正确','http://logs.example.com/exec-002-030.log',1,NULL,'2025-11-04 14:26:39',1,'2025-11-13 08:44:05',0),(5000000066,3000000002,'user002','TC-EXEC-002-031','Cycle-2025-Q4','测试用户2','{\"error\": \"unknown_error\", \"message\": \"未知错误\"}','2025-10-31 20:06:07',NULL,3,3,'执行失败：未知错误','http://logs.example.com/exec-002-031.log',1,NULL,'2025-10-31 20:05:51',1,'2025-11-13 08:44:05',0),(5000000067,3000000002,'user002','TC-EXEC-002-032','Cycle-2025-Q4','测试用户2',NULL,'2025-11-07 13:18:59',NULL,3,0,NULL,NULL,1,NULL,'2025-11-07 13:18:25',1,'2025-11-13 08:44:05',0),(5000000068,3000000002,'user005','TC-EXEC-002-033','Cycle-2025-Q4','测试用户5',NULL,'2025-11-10 08:46:08','2025-11-10 09:23:08',2,2,'执行成功','http://logs.example.com/exec-002-033.log',1,NULL,'2025-11-10 08:45:55',1,'2025-11-13 08:44:05',0),(5000000069,3000000002,'user004','TC-EXEC-002-034','Cycle-2025-Q4','测试用户4',NULL,NULL,NULL,2,1,NULL,NULL,1,NULL,'2025-10-22 08:30:20',1,'2025-11-13 08:44:05',0),(5000000070,3000000002,'user003','TC-EXEC-002-035','Cycle-2025-Q4','测试用户3',NULL,'2025-10-31 11:23:09','2025-10-31 11:53:09',2,2,'执行成功','http://logs.example.com/exec-002-035.log',1,NULL,'2025-10-31 11:23:05',1,'2025-11-13 08:44:05',0),(5000000071,3000000003,'user005','TC-EXEC-003-001','Cycle-2025-Q4','测试用户5','{\"error\": \"data_format_error\", \"message\": \"数据格式不正确\"}','2025-10-23 10:08:55','2025-10-23 11:49:55',0,3,'执行失败：数据格式不正确','http://logs.example.com/exec-003-001.log',1,NULL,'2025-10-23 10:08:37',1,'2025-11-13 08:44:05',0),(5000000072,3000000003,'user002','TC-EXEC-003-002','Cycle-2025-Q4','测试用户2',NULL,'2025-11-04 13:31:44','2025-11-04 13:38:44',3,1,NULL,NULL,1,NULL,'2025-11-04 13:30:52',1,'2025-11-13 08:44:05',0),(5000000073,3000000003,'user004','TC-EXEC-003-003','Cycle-2025-Q4','测试用户4','{\"error\": \"permission_denied\", \"message\": \"权限不足\"}','2025-11-04 10:52:12','2025-11-04 11:32:12',3,3,'执行失败：权限不足','http://logs.example.com/exec-003-003.log',1,NULL,'2025-11-04 10:51:51',1,'2025-11-13 08:44:05',0),(5000000074,3000000003,'user001','TC-EXEC-003-004','Cycle-2025-Q4','测试用户1','{\"error\": \"service_unavailable\", \"message\": \"服务暂时不可用\"}','2025-10-25 17:49:39','2025-10-25 18:39:39',3,3,'执行失败：服务暂时不可用','http://logs.example.com/exec-003-004.log',1,NULL,'2025-10-25 17:49:16',1,'2025-11-13 08:44:05',0),(5000000075,3000000003,'user005','TC-EXEC-003-005','Cycle-2025-Q4','测试用户5',NULL,'2025-11-13 08:44:44','2025-11-13 10:11:44',3,2,'执行成功','http://logs.example.com/exec-003-005.log',1,NULL,'2025-11-13 08:43:47',1,'2025-11-13 08:44:05',0),(5000000076,3000000003,'user005','TC-EXEC-003-006','Cycle-2025-Q4','测试用户5',NULL,'2025-10-27 17:04:57','2025-10-27 17:11:57',0,0,NULL,NULL,1,NULL,'2025-10-27 17:04:15',1,'2025-11-13 08:44:05',0),(5000000077,3000000003,'user004','TC-EXEC-003-007','Cycle-2025-Q4','测试用户4',NULL,NULL,NULL,1,2,'执行成功','http://logs.example.com/exec-003-007.log',1,NULL,'2025-10-29 08:30:20',1,'2025-11-13 08:44:05',0),(5000000078,3000000003,'user002','TC-EXEC-003-008','Cycle-2025-Q4','测试用户2',NULL,'2025-11-10 19:21:46',NULL,0,2,'执行成功','http://logs.example.com/exec-003-008.log',1,NULL,'2025-11-10 19:21:40',1,'2025-11-13 08:44:05',0),(5000000079,3000000003,'user005','TC-EXEC-003-009','Cycle-2025-Q4','测试用户5',NULL,'2025-11-06 12:49:17',NULL,2,2,'执行成功','http://logs.example.com/exec-003-009.log',1,NULL,'2025-11-06 12:48:43',1,'2025-11-13 08:44:05',0),(5000000080,3000000003,'user002','TC-EXEC-003-010','Cycle-2025-Q4','测试用户2',NULL,'2025-10-14 19:21:06','2025-10-14 19:29:06',3,2,'执行成功','http://logs.example.com/exec-003-010.log',1,NULL,'2025-10-14 19:20:43',1,'2025-11-13 08:44:05',0),(5000000081,3000000003,'user001','TC-EXEC-003-011','Cycle-2025-Q4','测试用户1','{\"error\": \"network_timeout\", \"message\": \"网络连接超时\"}','2025-10-30 15:38:11','2025-10-30 17:15:11',0,3,'执行失败：网络连接超时','http://logs.example.com/exec-003-011.log',1,NULL,'2025-10-30 15:37:42',1,'2025-11-13 08:44:05',0),(5000000082,3000000003,'user005','TC-EXEC-003-012','Cycle-2025-Q4','测试用户5',NULL,'2025-10-24 13:53:37','2025-10-24 14:06:37',3,2,'执行成功','http://logs.example.com/exec-003-012.log',1,NULL,'2025-10-24 13:52:42',1,'2025-11-13 08:44:05',0),(5000000083,3000000003,'user003','TC-EXEC-003-013','Cycle-2025-Q4','测试用户3',NULL,NULL,NULL,0,2,'执行成功','http://logs.example.com/exec-003-013.log',1,NULL,'2025-10-29 08:30:20',1,'2025-11-13 08:44:05',0),(5000000084,3000000003,'user003','TC-EXEC-003-014','Cycle-2025-Q4','测试用户3',NULL,'2025-11-02 10:44:34','2025-11-02 12:30:34',3,0,NULL,NULL,1,NULL,'2025-11-02 10:43:42',1,'2025-11-13 08:44:05',0),(5000000085,3000000003,'user004','TC-EXEC-003-015','Cycle-2025-Q4','测试用户4',NULL,NULL,NULL,0,2,'执行成功','http://logs.example.com/exec-003-015.log',1,NULL,'2025-10-23 08:30:20',1,'2025-11-13 08:44:05',0),(5000000086,3000000003,'user005','TC-EXEC-003-016','Cycle-2025-Q4','测试用户5',NULL,'2025-10-26 12:03:37','2025-10-26 12:37:37',3,2,'执行成功','http://logs.example.com/exec-003-016.log',1,NULL,'2025-10-26 12:03:35',1,'2025-11-13 08:44:05',0),(5000000087,3000000003,'user001','TC-EXEC-003-017','Cycle-2025-Q4','测试用户1',NULL,'2025-11-06 18:11:44','2025-11-06 19:42:44',3,2,'执行成功','http://logs.example.com/exec-003-017.log',1,NULL,'2025-11-06 18:10:57',1,'2025-11-13 08:44:05',0),(5000000088,3000000003,'user004','TC-EXEC-003-018','Cycle-2025-Q4','测试用户4',NULL,'2025-11-08 15:24:49','2025-11-08 17:09:49',2,2,'执行成功','http://logs.example.com/exec-003-018.log',1,NULL,'2025-11-08 15:24:21',1,'2025-11-13 08:44:05',0),(5000000089,3000000003,'user001','TC-EXEC-003-019','Cycle-2025-Q4','测试用户1','{\"error\": \"data_format_error\", \"message\": \"数据格式不正确\"}','2025-10-19 11:53:30','2025-10-19 13:35:30',2,3,'执行失败：数据格式不正确','http://logs.example.com/exec-003-019.log',1,NULL,'2025-10-19 11:52:51',1,'2025-11-13 08:44:05',0),(5000000090,3000000003,'user002','TC-EXEC-003-020','Cycle-2025-Q4','测试用户2','{\"error\": \"timeout_error\", \"message\": \"操作超时\"}','2025-11-10 11:13:27','2025-11-10 11:24:27',3,3,'执行失败：操作超时','http://logs.example.com/exec-003-020.log',1,NULL,'2025-11-10 11:12:28',1,'2025-11-13 08:44:05',0),(5000000091,3000000003,'user002','TC-EXEC-003-021','Cycle-2025-Q4','测试用户2',NULL,'2025-10-24 13:00:17',NULL,3,2,'执行成功','http://logs.example.com/exec-003-021.log',1,NULL,'2025-10-24 12:59:36',1,'2025-11-13 08:44:05',0),(5000000092,3000000003,'user003','TC-EXEC-003-022','Cycle-2025-Q4','测试用户3',NULL,'2025-11-04 16:19:27','2025-11-04 16:48:27',3,2,'执行成功','http://logs.example.com/exec-003-022.log',1,NULL,'2025-11-04 16:19:01',1,'2025-11-13 08:44:05',0),(5000000093,3000000003,'user004','TC-EXEC-003-023','Cycle-2025-Q4','测试用户4','{\"error\": \"config_error\", \"message\": \"配置参数错误\"}','2025-10-16 15:03:13','2025-10-16 16:18:13',2,3,'执行失败：配置参数错误','http://logs.example.com/exec-003-023.log',1,NULL,'2025-10-16 15:02:33',1,'2025-11-13 08:44:05',0),(5000000094,3000000003,'user004','TC-EXEC-003-024','Cycle-2025-Q4','测试用户4',NULL,'2025-10-23 09:07:03','2025-10-23 10:52:03',1,2,'执行成功','http://logs.example.com/exec-003-024.log',1,NULL,'2025-10-23 09:06:43',1,'2025-11-13 08:44:05',0),(5000000095,3000000003,'user005','TC-EXEC-003-025','Cycle-2025-Q4','测试用户5',NULL,'2025-10-20 11:24:56','2025-10-20 12:54:56',3,2,'执行成功','http://logs.example.com/exec-003-025.log',1,NULL,'2025-10-20 11:24:18',1,'2025-11-13 08:44:05',0),(5000000096,3000000003,'user005','TC-EXEC-003-026','Cycle-2025-Q4','测试用户5',NULL,'2025-11-05 18:57:36','2025-11-05 20:50:36',2,2,'执行成功','http://logs.example.com/exec-003-026.log',1,NULL,'2025-11-05 18:56:52',1,'2025-11-13 08:44:05',0),(5000000097,3000000003,'user005','TC-EXEC-003-027','Cycle-2025-Q4','测试用户5',NULL,'2025-10-14 12:49:35','2025-10-14 13:47:35',2,1,NULL,NULL,1,NULL,'2025-10-14 12:48:45',1,'2025-11-13 08:44:05',0),(5000000098,3000000003,'user001','TC-EXEC-003-028','Cycle-2025-Q4','测试用户1',NULL,NULL,NULL,0,2,'执行成功','http://logs.example.com/exec-003-028.log',1,NULL,'2025-10-20 08:30:20',1,'2025-11-13 08:44:05',0),(5000000099,3000000003,'user004','TC-EXEC-003-029','Cycle-2025-Q4','测试用户4',NULL,'2025-11-12 13:50:25','2025-11-12 15:06:25',3,0,NULL,NULL,1,NULL,'2025-11-12 13:49:33',1,'2025-11-13 08:44:05',0),(5000000100,3000000003,'user002','TC-EXEC-003-030','Cycle-2025-Q4','测试用户2',NULL,'2025-11-04 16:56:24','2025-11-04 18:56:24',0,2,'执行成功','http://logs.example.com/exec-003-030.log',1,NULL,'2025-11-04 16:55:33',1,'2025-11-13 08:44:05',0),(5000000101,3000000003,'user003','TC-EXEC-003-031','Cycle-2025-Q4','测试用户3','{\"error\": \"timeout_error\", \"message\": \"操作超时\"}','2025-11-12 17:23:40','2025-11-12 18:57:40',3,3,'执行失败：操作超时','http://logs.example.com/exec-003-031.log',1,NULL,'2025-11-12 17:23:03',1,'2025-11-13 08:44:05',0),(5000000102,3000000003,'user002','TC-EXEC-003-032','Cycle-2025-Q4','测试用户2','{\"error\": \"permission_denied\", \"message\": \"权限不足\"}','2025-10-24 14:51:17','2025-10-24 15:51:17',0,3,'执行失败：权限不足','http://logs.example.com/exec-003-032.log',1,NULL,'2025-10-24 14:51:16',1,'2025-11-13 08:44:05',0),(5000000103,3000000003,'user004','TC-EXEC-003-033','Cycle-2025-Q4','测试用户4','{\"error\": \"timeout_error\", \"message\": \"操作超时\"}',NULL,NULL,3,3,'执行失败：操作超时','http://logs.example.com/exec-003-033.log',1,NULL,'2025-11-13 08:30:20',1,'2025-11-13 08:44:05',0),(5000000104,3000000003,'user005','TC-EXEC-003-034','Cycle-2025-Q4','测试用户5',NULL,'2025-10-29 14:12:52','2025-10-29 16:11:52',1,2,'执行成功','http://logs.example.com/exec-003-034.log',1,NULL,'2025-10-29 14:12:08',1,'2025-11-13 08:44:05',0),(5000000105,3000000003,'user001','TC-EXEC-003-035','Cycle-2025-Q4','测试用户1',NULL,'2025-11-02 19:10:55','2025-11-02 20:17:55',3,2,'执行成功','http://logs.example.com/exec-003-035.log',1,NULL,'2025-11-02 19:10:43',1,'2025-11-13 08:44:05',0),(5000000106,3000000004,'user003','TC-EXEC-004-001','Cycle-2025-Q4','测试用户3',NULL,'2025-10-27 19:32:39','2025-10-27 20:15:39',3,2,'执行成功','http://logs.example.com/exec-004-001.log',1,NULL,'2025-10-27 19:32:15',1,'2025-11-13 08:44:05',0),(5000000107,3000000004,'user002','TC-EXEC-004-002','Cycle-2025-Q4','测试用户2',NULL,'2025-11-06 15:53:15','2025-11-06 16:41:15',3,2,'执行成功','http://logs.example.com/exec-004-002.log',1,NULL,'2025-11-06 15:53:12',1,'2025-11-13 08:44:05',0),(5000000108,3000000004,'user003','TC-EXEC-004-003','Cycle-2025-Q4','测试用户3',NULL,'2025-10-24 20:40:48','2025-10-24 20:58:48',3,2,'执行成功','http://logs.example.com/exec-004-003.log',1,NULL,'2025-10-24 20:40:43',1,'2025-11-13 08:44:05',0),(5000000109,3000000004,'user004','TC-EXEC-004-004','Cycle-2025-Q4','测试用户4',NULL,'2025-11-04 16:23:39','2025-11-04 17:40:39',2,2,'执行成功','http://logs.example.com/exec-004-004.log',1,NULL,'2025-11-04 16:23:03',1,'2025-11-13 08:44:05',0),(5000000110,3000000004,'user002','TC-EXEC-004-005','Cycle-2025-Q4','测试用户2',NULL,'2025-10-20 12:07:55','2025-10-20 13:48:55',0,2,'执行成功','http://logs.example.com/exec-004-005.log',1,NULL,'2025-10-20 12:07:48',1,'2025-11-13 08:44:05',0),(5000000111,3000000004,'user005','TC-EXEC-004-006','Cycle-2025-Q4','测试用户5',NULL,'2025-10-18 13:52:48','2025-10-18 14:07:48',3,2,'执行成功','http://logs.example.com/exec-004-006.log',1,NULL,'2025-10-18 13:52:47',1,'2025-11-13 08:44:05',0),(5000000112,3000000004,'user003','TC-EXEC-004-007','Cycle-2025-Q4','测试用户3',NULL,'2025-10-21 09:58:34','2025-10-21 10:45:34',3,2,'执行成功','http://logs.example.com/exec-004-007.log',1,NULL,'2025-10-21 09:58:07',1,'2025-11-13 08:44:05',0),(5000000113,3000000004,'user003','TC-EXEC-004-008','Cycle-2025-Q4','测试用户3',NULL,'2025-10-15 20:42:13','2025-10-15 21:55:13',2,2,'执行成功','http://logs.example.com/exec-004-008.log',1,NULL,'2025-10-15 20:41:32',1,'2025-11-13 08:44:05',0),(5000000114,3000000004,'user002','TC-EXEC-004-009','Cycle-2025-Q4','测试用户2',NULL,'2025-11-02 14:41:57','2025-11-02 16:05:57',3,2,'执行成功','http://logs.example.com/exec-004-009.log',1,NULL,'2025-11-02 14:41:39',1,'2025-11-13 08:44:05',0),(5000000115,3000000004,'user003','TC-EXEC-004-010','Cycle-2025-Q4','测试用户3','{\"error\": \"validation_error\", \"message\": \"数据验证失败\"}','2025-10-18 19:41:19','2025-10-18 20:36:19',3,3,'执行失败：数据验证失败','http://logs.example.com/exec-004-010.log',1,NULL,'2025-10-18 19:40:48',1,'2025-11-13 08:44:05',0),(5000000116,3000000004,'user003','TC-EXEC-004-011','Cycle-2025-Q4','测试用户3','{\"error\": \"resource_exhausted\", \"message\": \"系统资源不足\"}','2025-11-11 10:38:15','2025-11-11 11:21:15',3,3,'执行失败：系统资源不足','http://logs.example.com/exec-004-011.log',1,NULL,'2025-11-11 10:37:36',1,'2025-11-13 08:44:05',0),(5000000117,3000000004,'user003','TC-EXEC-004-012','Cycle-2025-Q4','测试用户3',NULL,'2025-10-17 10:38:00','2025-10-17 10:58:00',1,2,'执行成功','http://logs.example.com/exec-004-012.log',1,NULL,'2025-10-17 10:37:30',1,'2025-11-13 08:44:05',0),(5000000118,3000000004,'user002','TC-EXEC-004-013','Cycle-2025-Q4','测试用户2',NULL,'2025-10-31 15:17:16','2025-10-31 16:24:16',3,0,NULL,NULL,1,NULL,'2025-10-31 15:16:45',1,'2025-11-13 08:44:05',0),(5000000119,3000000004,'user001','TC-EXEC-004-014','Cycle-2025-Q4','测试用户1',NULL,'2025-10-15 19:22:29','2025-10-15 20:57:29',1,2,'执行成功','http://logs.example.com/exec-004-014.log',1,NULL,'2025-10-15 19:21:50',1,'2025-11-13 08:44:05',0),(5000000120,3000000004,'user004','TC-EXEC-004-015','Cycle-2025-Q4','测试用户4',NULL,'2025-10-27 12:45:56','2025-10-27 14:35:56',3,2,'执行成功','http://logs.example.com/exec-004-015.log',1,NULL,'2025-10-27 12:45:00',1,'2025-11-13 08:44:05',0),(5000000121,3000000004,'user002','TC-EXEC-004-016','Cycle-2025-Q4','测试用户2','{\"error\": \"permission_denied\", \"message\": \"权限不足\"}','2025-11-04 20:16:42','2025-11-04 21:16:42',3,3,'执行失败：权限不足','http://logs.example.com/exec-004-016.log',1,NULL,'2025-11-04 20:16:27',1,'2025-11-13 08:44:05',0),(5000000122,3000000004,'user003','TC-EXEC-004-017','Cycle-2025-Q4','测试用户3',NULL,'2025-10-24 16:07:49','2025-10-24 17:57:49',3,2,'执行成功','http://logs.example.com/exec-004-017.log',1,NULL,'2025-10-24 16:07:41',1,'2025-11-13 08:44:05',0),(5000000123,3000000004,'user005','TC-EXEC-004-018','Cycle-2025-Q4','测试用户5',NULL,'2025-10-27 20:06:25','2025-10-27 20:43:25',3,2,'执行成功','http://logs.example.com/exec-004-018.log',1,NULL,'2025-10-27 20:06:19',1,'2025-11-13 08:44:05',0),(5000000124,3000000004,'user002','TC-EXEC-004-019','Cycle-2025-Q4','测试用户2',NULL,'2025-10-18 08:13:27','2025-10-18 09:38:27',1,2,'执行成功','http://logs.example.com/exec-004-019.log',1,NULL,'2025-10-18 08:13:06',1,'2025-11-13 08:44:05',0),(5000000125,3000000004,'user003','TC-EXEC-004-020','Cycle-2025-Q4','测试用户3','{\"error\": \"service_unavailable\", \"message\": \"服务暂时不可用\"}','2025-10-23 13:12:22','2025-10-23 14:41:22',1,3,'执行失败：服务暂时不可用','http://logs.example.com/exec-004-020.log',1,NULL,'2025-10-23 13:12:14',1,'2025-11-13 08:44:05',0),(5000000126,3000000004,'user003','TC-EXEC-004-021','Cycle-2025-Q4','测试用户3',NULL,'2025-10-25 16:01:32','2025-10-25 17:35:32',0,2,'执行成功','http://logs.example.com/exec-004-021.log',1,NULL,'2025-10-25 16:00:40',1,'2025-11-13 08:44:05',0),(5000000127,3000000004,'user002','TC-EXEC-004-022','Cycle-2025-Q4','测试用户2','{\"error\": \"network_timeout\", \"message\": \"网络连接超时\"}','2025-10-15 12:43:58','2025-10-15 13:53:58',2,3,'执行失败：网络连接超时','http://logs.example.com/exec-004-022.log',1,NULL,'2025-10-15 12:43:09',1,'2025-11-13 08:44:05',0),(5000000128,3000000004,'user001','TC-EXEC-004-023','Cycle-2025-Q4','测试用户1',NULL,'2025-10-29 12:45:03','2025-10-29 12:58:03',3,2,'执行成功','http://logs.example.com/exec-004-023.log',1,NULL,'2025-10-29 12:44:21',1,'2025-11-13 08:44:05',0),(5000000129,3000000004,'user004','TC-EXEC-004-024','Cycle-2025-Q4','测试用户4','{\"error\": \"resource_exhausted\", \"message\": \"系统资源不足\"}','2025-10-16 20:04:41','2025-10-16 21:45:41',0,3,'执行失败：系统资源不足','http://logs.example.com/exec-004-024.log',1,NULL,'2025-10-16 20:03:53',1,'2025-11-13 08:44:05',0),(5000000130,3000000004,'user004','TC-EXEC-004-025','Cycle-2025-Q4','测试用户4','{\"error\": \"resource_exhausted\", \"message\": \"系统资源不足\"}','2025-10-28 20:33:46','2025-10-28 21:50:46',3,3,'执行失败：系统资源不足','http://logs.example.com/exec-004-025.log',1,NULL,'2025-10-28 20:33:05',1,'2025-11-13 08:44:05',0),(5000000131,3000000004,'user002','TC-EXEC-004-026','Cycle-2025-Q4','测试用户2',NULL,'2025-11-03 20:02:15','2025-11-03 21:11:15',0,2,'执行成功','http://logs.example.com/exec-004-026.log',1,NULL,'2025-11-03 20:01:54',1,'2025-11-13 08:44:05',0),(5000000132,3000000004,'user003','TC-EXEC-004-027','Cycle-2025-Q4','测试用户3',NULL,NULL,NULL,3,0,NULL,NULL,1,NULL,'2025-10-25 08:30:20',1,'2025-11-13 08:44:05',0),(5000000133,3000000004,'user004','TC-EXEC-004-028','Cycle-2025-Q4','测试用户4',NULL,'2025-10-15 11:17:27','2025-10-15 11:59:27',2,1,NULL,NULL,1,NULL,'2025-10-15 11:16:34',1,'2025-11-13 08:44:05',0),(5000000134,3000000004,'user001','TC-EXEC-004-029','Cycle-2025-Q4','测试用户1',NULL,'2025-11-13 16:39:07','2025-11-13 16:53:07',0,2,'执行成功','http://logs.example.com/exec-004-029.log',1,NULL,'2025-11-13 16:39:03',1,'2025-11-13 08:44:05',0),(5000000135,3000000004,'user003','TC-EXEC-004-030','Cycle-2025-Q4','测试用户3',NULL,'2025-10-30 20:16:33',NULL,3,2,'执行成功','http://logs.example.com/exec-004-030.log',1,NULL,'2025-10-30 20:15:35',1,'2025-11-13 08:44:05',0),(5000000136,3000000004,'user001','TC-EXEC-004-031','Cycle-2025-Q4','测试用户1',NULL,'2025-10-24 13:12:41','2025-10-24 14:56:41',0,0,NULL,NULL,1,NULL,'2025-10-24 13:12:07',1,'2025-11-13 08:44:05',0),(5000000137,3000000004,'user001','TC-EXEC-004-032','Cycle-2025-Q4','测试用户1',NULL,NULL,NULL,2,2,'执行成功','http://logs.example.com/exec-004-032.log',1,NULL,'2025-11-04 08:30:20',1,'2025-11-13 08:44:05',0),(5000000138,3000000004,'user002','TC-EXEC-004-033','Cycle-2025-Q4','测试用户2',NULL,'2025-10-15 14:11:30',NULL,0,2,'执行成功','http://logs.example.com/exec-004-033.log',1,NULL,'2025-10-15 14:10:39',1,'2025-11-13 08:44:05',0),(5000000139,3000000004,'user004','TC-EXEC-004-034','Cycle-2025-Q4','测试用户4',NULL,NULL,NULL,0,1,NULL,NULL,1,NULL,'2025-11-02 08:30:20',1,'2025-11-13 08:44:05',0),(5000000140,3000000004,'user004','TC-EXEC-004-035','Cycle-2025-Q4','测试用户4',NULL,'2025-11-09 10:20:37','2025-11-09 11:38:37',2,2,'执行成功','http://logs.example.com/exec-004-035.log',1,NULL,'2025-11-09 10:19:55',1,'2025-11-13 08:44:05',0),(5000000141,3000000005,'user003','TC-EXEC-005-001','Cycle-2025-Q4','测试用户3',NULL,'2025-11-07 14:45:36','2025-11-07 16:03:36',3,2,'执行成功','http://logs.example.com/exec-005-001.log',1,NULL,'2025-11-07 14:45:14',1,'2025-11-13 08:44:05',0),(5000000142,3000000005,'user003','TC-EXEC-005-002','Cycle-2025-Q4','测试用户3',NULL,'2025-11-04 09:47:24','2025-11-04 10:21:24',3,2,'执行成功','http://logs.example.com/exec-005-002.log',1,NULL,'2025-11-04 09:47:07',1,'2025-11-13 08:44:05',0),(5000000143,3000000005,'user005','TC-EXEC-005-003','Cycle-2025-Q4','测试用户5',NULL,'2025-11-06 08:40:17',NULL,1,2,'执行成功','http://logs.example.com/exec-005-003.log',1,NULL,'2025-11-06 08:40:01',1,'2025-11-13 08:44:05',0),(5000000144,3000000005,'user005','TC-EXEC-005-004','Cycle-2025-Q4','测试用户5','{\"error\": \"resource_exhausted\", \"message\": \"系统资源不足\"}','2025-10-20 13:13:53','2025-10-20 13:42:53',3,3,'执行失败：系统资源不足','http://logs.example.com/exec-005-004.log',1,NULL,'2025-10-20 13:13:23',1,'2025-11-13 08:44:05',0),(5000000145,3000000005,'user002','TC-EXEC-005-005','Cycle-2025-Q4','测试用户2',NULL,'2025-11-13 13:05:18','2025-11-13 13:36:18',0,2,'执行成功','http://logs.example.com/exec-005-005.log',1,NULL,'2025-11-13 13:04:56',1,'2025-11-13 08:44:05',0),(5000000146,3000000005,'user001','TC-EXEC-005-006','Cycle-2025-Q4','测试用户1',NULL,'2025-11-07 08:47:24','2025-11-07 08:55:24',2,2,'执行成功','http://logs.example.com/exec-005-006.log',1,NULL,'2025-11-07 08:46:46',1,'2025-11-13 08:44:05',0),(5000000147,3000000005,'user004','TC-EXEC-005-007','Cycle-2025-Q4','测试用户4','{\"error\": \"permission_denied\", \"message\": \"权限不足\"}','2025-11-04 09:21:33','2025-11-04 10:29:33',3,3,'执行失败：权限不足','http://logs.example.com/exec-005-007.log',1,NULL,'2025-11-04 09:21:05',1,'2025-11-13 08:44:05',0),(5000000148,3000000005,'user001','TC-EXEC-005-008','Cycle-2025-Q4','测试用户1',NULL,'2025-11-12 10:57:35','2025-11-12 12:40:35',2,1,NULL,NULL,1,NULL,'2025-11-12 10:56:41',1,'2025-11-13 08:44:05',0),(5000000149,3000000005,'user001','TC-EXEC-005-009','Cycle-2025-Q4','测试用户1',NULL,'2025-10-22 18:56:19','2025-10-22 20:09:19',3,2,'执行成功','http://logs.example.com/exec-005-009.log',1,NULL,'2025-10-22 18:55:21',1,'2025-11-13 08:44:05',0),(5000000150,3000000005,'user001','TC-EXEC-005-010','Cycle-2025-Q4','测试用户1',NULL,'2025-11-06 10:57:35','2025-11-06 11:49:35',2,2,'执行成功','http://logs.example.com/exec-005-010.log',1,NULL,'2025-11-06 10:57:04',1,'2025-11-13 08:44:05',0),(5000000151,3000000005,'user002','TC-EXEC-005-011','Cycle-2025-Q4','测试用户2',NULL,'2025-10-24 18:19:52','2025-10-24 19:09:52',0,2,'执行成功','http://logs.example.com/exec-005-011.log',1,NULL,'2025-10-24 18:19:50',1,'2025-11-13 08:44:05',0),(5000000152,3000000005,'user002','TC-EXEC-005-012','Cycle-2025-Q4','测试用户2',NULL,'2025-11-05 15:03:11','2025-11-05 15:42:11',0,2,'执行成功','http://logs.example.com/exec-005-012.log',1,NULL,'2025-11-05 15:02:31',1,'2025-11-13 08:44:05',0),(5000000153,3000000005,'user004','TC-EXEC-005-013','Cycle-2025-Q4','测试用户4','{\"error\": \"config_error\", \"message\": \"配置参数错误\"}','2025-11-10 09:30:23','2025-11-10 10:53:23',3,3,'执行失败：配置参数错误','http://logs.example.com/exec-005-013.log',1,NULL,'2025-11-10 09:29:42',1,'2025-11-13 08:44:05',0),(5000000154,3000000005,'user002','TC-EXEC-005-014','Cycle-2025-Q4','测试用户2',NULL,'2025-10-30 13:05:33','2025-10-30 15:00:33',2,1,NULL,NULL,1,NULL,'2025-10-30 13:05:09',1,'2025-11-13 08:44:05',0),(5000000155,3000000005,'user003','TC-EXEC-005-015','Cycle-2025-Q4','测试用户3',NULL,'2025-10-17 09:23:55','2025-10-17 09:35:55',0,2,'执行成功','http://logs.example.com/exec-005-015.log',1,NULL,'2025-10-17 09:23:39',1,'2025-11-13 08:44:05',0),(5000000156,3000000005,'user001','TC-EXEC-005-016','Cycle-2025-Q4','测试用户1','{\"error\": \"resource_exhausted\", \"message\": \"系统资源不足\"}','2025-10-27 18:09:12','2025-10-27 19:52:12',2,3,'执行失败：系统资源不足','http://logs.example.com/exec-005-016.log',1,NULL,'2025-10-27 18:08:16',1,'2025-11-13 08:44:05',0),(5000000157,3000000005,'user003','TC-EXEC-005-017','Cycle-2025-Q4','测试用户3',NULL,'2025-10-28 17:47:06','2025-10-28 18:38:06',3,2,'执行成功','http://logs.example.com/exec-005-017.log',1,NULL,'2025-10-28 17:46:37',1,'2025-11-13 08:44:05',0),(5000000158,3000000005,'user003','TC-EXEC-005-018','Cycle-2025-Q4','测试用户3',NULL,'2025-11-12 08:19:54','2025-11-12 09:48:54',3,2,'执行成功','http://logs.example.com/exec-005-018.log',1,NULL,'2025-11-12 08:19:41',1,'2025-11-13 08:44:05',0),(5000000159,3000000005,'user003','TC-EXEC-005-019','Cycle-2025-Q4','测试用户3',NULL,'2025-11-04 10:05:09','2025-11-04 11:06:09',3,2,'执行成功','http://logs.example.com/exec-005-019.log',1,NULL,'2025-11-04 10:04:28',1,'2025-11-13 08:44:05',0),(5000000160,3000000005,'user002','TC-EXEC-005-020','Cycle-2025-Q4','测试用户2',NULL,'2025-10-31 08:47:33',NULL,3,0,NULL,NULL,1,NULL,'2025-10-31 08:46:37',1,'2025-11-13 08:44:05',0),(5000000161,3000000005,'user002','TC-EXEC-005-021','Cycle-2025-Q4','测试用户2',NULL,'2025-10-30 18:44:30','2025-10-30 20:44:30',2,0,NULL,NULL,1,NULL,'2025-10-30 18:43:49',1,'2025-11-13 08:44:05',0),(5000000162,3000000005,'user005','TC-EXEC-005-022','Cycle-2025-Q4','测试用户5',NULL,'2025-11-05 09:59:25','2025-11-05 10:08:25',0,2,'执行成功','http://logs.example.com/exec-005-022.log',1,NULL,'2025-11-05 09:58:37',1,'2025-11-13 08:44:05',0),(5000000163,3000000005,'user003','TC-EXEC-005-023','Cycle-2025-Q4','测试用户3',NULL,'2025-11-06 18:02:52','2025-11-06 18:37:52',1,2,'执行成功','http://logs.example.com/exec-005-023.log',1,NULL,'2025-11-06 18:02:08',1,'2025-11-13 08:44:05',0),(5000000164,3000000005,'user005','TC-EXEC-005-024','Cycle-2025-Q4','测试用户5',NULL,'2025-11-08 14:01:59','2025-11-08 15:44:59',2,0,NULL,NULL,1,NULL,'2025-11-08 14:01:33',1,'2025-11-13 08:44:05',0),(5000000165,3000000005,'user003','TC-EXEC-005-025','Cycle-2025-Q4','测试用户3',NULL,'2025-11-11 19:23:04','2025-11-11 19:35:04',0,2,'执行成功','http://logs.example.com/exec-005-025.log',1,NULL,'2025-11-11 19:22:16',1,'2025-11-13 08:44:05',0),(5000000166,3000000005,'user004','TC-EXEC-005-026','Cycle-2025-Q4','测试用户4','{\"error\": \"dependency_error\", \"message\": \"依赖服务异常\"}','2025-10-19 08:39:53','2025-10-19 09:13:53',0,3,'执行失败：依赖服务异常','http://logs.example.com/exec-005-026.log',1,NULL,'2025-10-19 08:39:27',1,'2025-11-13 08:44:05',0),(5000000167,3000000005,'user004','TC-EXEC-005-027','Cycle-2025-Q4','测试用户4',NULL,'2025-10-30 14:31:18','2025-10-30 16:29:18',0,2,'执行成功','http://logs.example.com/exec-005-027.log',1,NULL,'2025-10-30 14:30:47',1,'2025-11-13 08:44:05',0),(5000000168,3000000005,'user002','TC-EXEC-005-028','Cycle-2025-Q4','测试用户2','{\"error\": \"dependency_error\", \"message\": \"依赖服务异常\"}','2025-10-24 19:14:56','2025-10-24 20:44:56',3,3,'执行失败：依赖服务异常','http://logs.example.com/exec-005-028.log',1,NULL,'2025-10-24 19:14:53',1,'2025-11-13 08:44:05',0),(5000000169,3000000005,'user003','TC-EXEC-005-029','Cycle-2025-Q4','测试用户3',NULL,'2025-10-19 17:46:29','2025-10-19 18:49:29',2,1,NULL,NULL,1,NULL,'2025-10-19 17:45:34',1,'2025-11-13 08:44:05',0),(5000000170,3000000005,'user002','TC-EXEC-005-030','Cycle-2025-Q4','测试用户2',NULL,'2025-11-05 11:55:10','2025-11-05 13:12:10',2,1,NULL,NULL,1,NULL,'2025-11-05 11:54:46',1,'2025-11-13 08:44:05',0),(5000000171,3000000005,'user002','TC-EXEC-005-031','Cycle-2025-Q4','测试用户2',NULL,'2025-10-28 11:55:52','2025-10-28 13:48:52',0,2,'执行成功','http://logs.example.com/exec-005-031.log',1,NULL,'2025-10-28 11:55:12',1,'2025-11-13 08:44:05',0),(5000000172,3000000005,'user004','TC-EXEC-005-032','Cycle-2025-Q4','测试用户4',NULL,'2025-10-25 16:54:08','2025-10-25 17:08:08',3,1,NULL,NULL,1,NULL,'2025-10-25 16:53:24',1,'2025-11-13 08:44:05',0),(5000000173,3000000005,'user002','TC-EXEC-005-033','Cycle-2025-Q4','测试用户2',NULL,NULL,NULL,2,2,'执行成功','http://logs.example.com/exec-005-033.log',1,NULL,'2025-10-19 08:30:20',1,'2025-11-13 08:44:05',0),(5000000174,3000000005,'user001','TC-EXEC-005-034','Cycle-2025-Q4','测试用户1',NULL,'2025-10-22 14:31:42','2025-10-22 15:27:42',3,2,'执行成功','http://logs.example.com/exec-005-034.log',1,NULL,'2025-10-22 14:31:20',1,'2025-11-13 08:44:05',0),(5000000175,3000000005,'user003','TC-EXEC-005-035','Cycle-2025-Q4','测试用户3','{\"error\": \"validation_error\", \"message\": \"数据验证失败\"}','2025-11-06 13:24:18','2025-11-06 14:40:18',1,3,'执行失败：数据验证失败','http://logs.example.com/exec-005-035.log',1,NULL,'2025-11-06 13:23:51',1,'2025-11-13 08:44:05',0),(5000000176,3000000006,'user003','TC-EXEC-006-001','Cycle-2025-Q4','测试用户3','{\"error\": \"unknown_error\", \"message\": \"未知错误\"}','2025-11-12 16:31:18','2025-11-12 17:23:18',0,3,'执行失败：未知错误','http://logs.example.com/exec-006-001.log',1,NULL,'2025-11-12 16:30:58',1,'2025-11-13 08:44:05',0),(5000000177,3000000006,'user003','TC-EXEC-006-002','Cycle-2025-Q4','测试用户3',NULL,'2025-11-12 20:02:34','2025-11-12 20:25:34',2,1,NULL,NULL,1,NULL,'2025-11-12 20:02:20',1,'2025-11-13 08:44:05',0),(5000000178,3000000006,'user005','TC-EXEC-006-003','Cycle-2025-Q4','测试用户5','{\"error\": \"service_unavailable\", \"message\": \"服务暂时不可用\"}','2025-10-24 20:15:02','2025-10-24 21:06:02',3,3,'执行失败：服务暂时不可用','http://logs.example.com/exec-006-003.log',1,NULL,'2025-10-24 20:14:38',1,'2025-11-13 08:44:05',0),(5000000179,3000000006,'user003','TC-EXEC-006-004','Cycle-2025-Q4','测试用户3','{\"error\": \"permission_denied\", \"message\": \"权限不足\"}','2025-11-03 17:10:14',NULL,0,3,'执行失败：权限不足','http://logs.example.com/exec-006-004.log',1,NULL,'2025-11-03 17:10:03',1,'2025-11-13 08:44:05',0),(5000000180,3000000006,'user002','TC-EXEC-006-005','Cycle-2025-Q4','测试用户2',NULL,'2025-10-30 16:16:51','2025-10-30 16:36:51',2,1,NULL,NULL,1,NULL,'2025-10-30 16:16:05',1,'2025-11-13 08:44:05',0),(5000000181,3000000006,'user005','TC-EXEC-006-006','Cycle-2025-Q4','测试用户5',NULL,'2025-10-14 09:07:50','2025-10-14 10:29:50',3,1,NULL,NULL,1,NULL,'2025-10-14 09:06:58',1,'2025-11-13 08:44:05',0),(5000000182,3000000006,'user005','TC-EXEC-006-007','Cycle-2025-Q4','测试用户5',NULL,NULL,NULL,1,0,NULL,NULL,1,NULL,'2025-10-27 08:30:20',1,'2025-11-13 08:44:05',0),(5000000183,3000000006,'user005','TC-EXEC-006-008','Cycle-2025-Q4','测试用户5',NULL,'2025-10-22 19:55:08','2025-10-22 20:46:08',0,2,'执行成功','http://logs.example.com/exec-006-008.log',1,NULL,'2025-10-22 19:54:25',1,'2025-11-13 08:44:05',0),(5000000184,3000000006,'user002','TC-EXEC-006-009','Cycle-2025-Q4','测试用户2',NULL,'2025-10-17 13:49:52','2025-10-17 15:38:52',2,2,'执行成功','http://logs.example.com/exec-006-009.log',1,NULL,'2025-10-17 13:49:48',1,'2025-11-13 08:44:05',0),(5000000185,3000000006,'user005','TC-EXEC-006-010','Cycle-2025-Q4','测试用户5',NULL,NULL,NULL,3,2,'执行成功','http://logs.example.com/exec-006-010.log',1,NULL,'2025-10-24 08:30:20',1,'2025-11-13 08:44:05',0),(5000000186,3000000006,'user002','TC-EXEC-006-011','Cycle-2025-Q4','测试用户2',NULL,NULL,NULL,2,2,'执行成功','http://logs.example.com/exec-006-011.log',1,NULL,'2025-11-12 08:30:20',1,'2025-11-13 08:44:05',0),(5000000187,3000000006,'user003','TC-EXEC-006-012','Cycle-2025-Q4','测试用户3','{\"error\": \"permission_denied\", \"message\": \"权限不足\"}','2025-10-14 09:21:21',NULL,2,3,'执行失败：权限不足','http://logs.example.com/exec-006-012.log',1,NULL,'2025-10-14 09:21:21',1,'2025-11-13 08:44:05',0),(5000000188,3000000006,'user001','TC-EXEC-006-013','Cycle-2025-Q4','测试用户1',NULL,'2025-11-13 17:12:04','2025-11-13 18:37:04',3,2,'执行成功','http://logs.example.com/exec-006-013.log',1,NULL,'2025-11-13 17:11:09',1,'2025-11-13 08:44:05',0),(5000000189,3000000006,'user003','TC-EXEC-006-014','Cycle-2025-Q4','测试用户3',NULL,'2025-11-11 14:14:13','2025-11-11 15:10:13',3,1,NULL,NULL,1,NULL,'2025-11-11 14:13:50',1,'2025-11-13 08:44:05',0),(5000000190,3000000006,'user004','TC-EXEC-006-015','Cycle-2025-Q4','测试用户4',NULL,'2025-10-16 08:38:34','2025-10-16 09:33:34',0,2,'执行成功','http://logs.example.com/exec-006-015.log',1,NULL,'2025-10-16 08:38:03',1,'2025-11-13 08:44:05',0),(5000000191,3000000006,'user002','TC-EXEC-006-016','Cycle-2025-Q4','测试用户2',NULL,'2025-10-19 09:54:28','2025-10-19 10:43:28',3,1,NULL,NULL,1,NULL,'2025-10-19 09:54:15',1,'2025-11-13 08:44:05',0),(5000000192,3000000006,'user001','TC-EXEC-006-017','Cycle-2025-Q4','测试用户1',NULL,'2025-10-20 18:00:39','2025-10-20 19:57:39',3,2,'执行成功','http://logs.example.com/exec-006-017.log',1,NULL,'2025-10-20 17:59:41',1,'2025-11-13 08:44:05',0),(5000000193,3000000006,'user003','TC-EXEC-006-018','Cycle-2025-Q4','测试用户3','{\"error\": \"unknown_error\", \"message\": \"未知错误\"}','2025-11-09 16:21:52','2025-11-09 17:49:52',3,3,'执行失败：未知错误','http://logs.example.com/exec-006-018.log',1,NULL,'2025-11-09 16:21:49',1,'2025-11-13 08:44:05',0),(5000000194,3000000006,'user004','TC-EXEC-006-019','Cycle-2025-Q4','测试用户4',NULL,'2025-10-19 08:34:26',NULL,3,2,'执行成功','http://logs.example.com/exec-006-019.log',1,NULL,'2025-10-19 08:33:34',1,'2025-11-13 08:44:05',0),(5000000195,3000000006,'user002','TC-EXEC-006-020','Cycle-2025-Q4','测试用户2',NULL,'2025-10-24 12:39:42',NULL,3,2,'执行成功','http://logs.example.com/exec-006-020.log',1,NULL,'2025-10-24 12:39:03',1,'2025-11-13 08:44:05',0),(5000000196,3000000006,'user004','TC-EXEC-006-021','Cycle-2025-Q4','测试用户4',NULL,'2025-10-16 08:03:23','2025-10-16 09:37:23',2,2,'执行成功','http://logs.example.com/exec-006-021.log',1,NULL,'2025-10-16 08:02:39',1,'2025-11-13 08:44:05',0),(5000000197,3000000006,'user001','TC-EXEC-006-022','Cycle-2025-Q4','测试用户1',NULL,'2025-10-20 20:09:22',NULL,0,2,'执行成功','http://logs.example.com/exec-006-022.log',1,NULL,'2025-10-20 20:08:49',1,'2025-11-13 08:44:05',0),(5000000198,3000000006,'user003','TC-EXEC-006-023','Cycle-2025-Q4','测试用户3',NULL,'2025-11-02 15:44:37','2025-11-02 17:03:37',0,2,'执行成功','http://logs.example.com/exec-006-023.log',1,NULL,'2025-11-02 15:44:14',1,'2025-11-13 08:44:05',0),(5000000199,3000000006,'user001','TC-EXEC-006-024','Cycle-2025-Q4','测试用户1','{\"error\": \"data_format_error\", \"message\": \"数据格式不正确\"}','2025-10-20 11:59:42','2025-10-20 12:37:42',3,3,'执行失败：数据格式不正确','http://logs.example.com/exec-006-024.log',1,NULL,'2025-10-20 11:59:35',1,'2025-11-13 08:44:05',0),(5000000200,3000000006,'user005','TC-EXEC-006-025','Cycle-2025-Q4','测试用户5',NULL,NULL,NULL,2,2,'执行成功','http://logs.example.com/exec-006-025.log',1,NULL,'2025-10-16 08:30:20',1,'2025-11-13 08:44:05',0),(5000000201,3000000006,'user002','TC-EXEC-006-026','Cycle-2025-Q4','测试用户2',NULL,'2025-11-10 17:00:59','2025-11-10 18:46:59',0,2,'执行成功','http://logs.example.com/exec-006-026.log',1,NULL,'2025-11-10 17:00:39',1,'2025-11-13 08:44:05',0),(5000000202,3000000006,'user001','TC-EXEC-006-027','Cycle-2025-Q4','测试用户1',NULL,'2025-11-03 20:45:03',NULL,0,2,'执行成功','http://logs.example.com/exec-006-027.log',1,NULL,'2025-11-03 20:44:08',1,'2025-11-13 08:44:05',0),(5000000203,3000000006,'user004','TC-EXEC-006-028','Cycle-2025-Q4','测试用户4',NULL,'2025-11-11 12:50:34','2025-11-11 13:30:34',3,2,'执行成功','http://logs.example.com/exec-006-028.log',1,NULL,'2025-11-11 12:50:07',1,'2025-11-13 08:44:05',0),(5000000204,3000000006,'user004','TC-EXEC-006-029','Cycle-2025-Q4','测试用户4',NULL,'2025-10-19 08:44:36','2025-10-19 09:57:36',3,2,'执行成功','http://logs.example.com/exec-006-029.log',1,NULL,'2025-10-19 08:44:02',1,'2025-11-13 08:44:05',0),(5000000205,3000000006,'user001','TC-EXEC-006-030','Cycle-2025-Q4','测试用户1',NULL,'2025-10-23 12:15:40','2025-10-23 12:20:40',3,2,'执行成功','http://logs.example.com/exec-006-030.log',1,NULL,'2025-10-23 12:15:07',1,'2025-11-13 08:44:05',0),(5000000206,3000000006,'user003','TC-EXEC-006-031','Cycle-2025-Q4','测试用户3',NULL,NULL,NULL,2,2,'执行成功','http://logs.example.com/exec-006-031.log',1,NULL,'2025-10-22 08:30:20',1,'2025-11-13 08:44:05',0),(5000000207,3000000006,'user005','TC-EXEC-006-032','Cycle-2025-Q4','测试用户5',NULL,'2025-10-24 17:41:45','2025-10-24 19:10:45',3,2,'执行成功','http://logs.example.com/exec-006-032.log',1,NULL,'2025-10-24 17:41:31',1,'2025-11-13 08:44:05',0),(5000000208,3000000006,'user001','TC-EXEC-006-033','Cycle-2025-Q4','测试用户1',NULL,NULL,NULL,3,2,'执行成功','http://logs.example.com/exec-006-033.log',1,NULL,'2025-11-07 08:30:20',1,'2025-11-13 08:44:05',0),(5000000209,3000000006,'user004','TC-EXEC-006-034','Cycle-2025-Q4','测试用户4',NULL,'2025-10-23 16:24:26','2025-10-23 17:48:26',0,2,'执行成功','http://logs.example.com/exec-006-034.log',1,NULL,'2025-10-23 16:24:21',1,'2025-11-13 08:44:05',0),(5000000210,3000000006,'user001','TC-EXEC-006-035','Cycle-2025-Q4','测试用户1',NULL,'2025-10-21 11:02:07','2025-10-21 12:02:07',3,2,'执行成功','http://logs.example.com/exec-006-035.log',1,NULL,'2025-10-21 11:02:05',1,'2025-11-13 08:44:05',0),(5000000211,3000000007,'user003','TC-EXEC-007-001','Cycle-2025-Q4','测试用户3',NULL,'2025-11-10 12:23:53','2025-11-10 13:53:53',3,2,'执行成功','http://logs.example.com/exec-007-001.log',1,NULL,'2025-11-10 12:23:32',1,'2025-11-13 08:44:05',0),(5000000212,3000000007,'user001','TC-EXEC-007-002','Cycle-2025-Q4','测试用户1',NULL,'2025-11-06 16:31:58','2025-11-06 17:18:58',2,2,'执行成功','http://logs.example.com/exec-007-002.log',1,NULL,'2025-11-06 16:31:02',1,'2025-11-13 08:44:05',0),(5000000213,3000000007,'user002','TC-EXEC-007-003','Cycle-2025-Q4','测试用户2',NULL,'2025-11-09 14:01:29','2025-11-09 14:08:29',0,1,NULL,NULL,1,NULL,'2025-11-09 14:00:31',1,'2025-11-13 08:44:05',0),(5000000214,3000000007,'user001','TC-EXEC-007-004','Cycle-2025-Q4','测试用户1',NULL,'2025-11-11 17:46:10','2025-11-11 17:57:10',2,1,NULL,NULL,1,NULL,'2025-11-11 17:45:24',1,'2025-11-13 08:44:05',0),(5000000215,3000000007,'user002','TC-EXEC-007-005','Cycle-2025-Q4','测试用户2',NULL,'2025-10-22 14:12:15','2025-10-22 15:23:15',3,2,'执行成功','http://logs.example.com/exec-007-005.log',1,NULL,'2025-10-22 14:11:22',1,'2025-11-13 08:44:05',0),(5000000216,3000000007,'user001','TC-EXEC-007-006','Cycle-2025-Q4','测试用户1',NULL,'2025-10-23 17:38:36','2025-10-23 18:44:36',3,2,'执行成功','http://logs.example.com/exec-007-006.log',1,NULL,'2025-10-23 17:38:33',1,'2025-11-13 08:44:05',0),(5000000217,3000000007,'user001','TC-EXEC-007-007','Cycle-2025-Q4','测试用户1',NULL,'2025-10-23 18:26:20','2025-10-23 19:28:20',2,2,'执行成功','http://logs.example.com/exec-007-007.log',1,NULL,'2025-10-23 18:25:57',1,'2025-11-13 08:44:05',0),(5000000218,3000000007,'user002','TC-EXEC-007-008','Cycle-2025-Q4','测试用户2',NULL,'2025-10-24 17:06:03','2025-10-24 17:48:03',2,0,NULL,NULL,1,NULL,'2025-10-24 17:05:08',1,'2025-11-13 08:44:05',0),(5000000219,3000000007,'user003','TC-EXEC-007-009','Cycle-2025-Q4','测试用户3',NULL,'2025-10-22 17:41:15','2025-10-22 18:18:15',2,2,'执行成功','http://logs.example.com/exec-007-009.log',1,NULL,'2025-10-22 17:41:01',1,'2025-11-13 08:44:05',0),(5000000220,3000000007,'user001','TC-EXEC-007-010','Cycle-2025-Q4','测试用户1',NULL,'2025-11-02 17:48:33','2025-11-02 17:57:33',3,2,'执行成功','http://logs.example.com/exec-007-010.log',1,NULL,'2025-11-02 17:48:31',1,'2025-11-13 08:44:05',0),(5000000221,3000000007,'user001','TC-EXEC-007-011','Cycle-2025-Q4','测试用户1',NULL,'2025-11-09 17:15:36','2025-11-09 18:19:36',0,2,'执行成功','http://logs.example.com/exec-007-011.log',1,NULL,'2025-11-09 17:15:20',1,'2025-11-13 08:44:05',0),(5000000222,3000000007,'user003','TC-EXEC-007-012','Cycle-2025-Q4','测试用户3','{\"error\": \"service_unavailable\", \"message\": \"服务暂时不可用\"}','2025-10-24 09:38:43','2025-10-24 10:30:43',3,3,'执行失败：服务暂时不可用','http://logs.example.com/exec-007-012.log',1,NULL,'2025-10-24 09:38:39',1,'2025-11-13 08:44:05',0),(5000000223,3000000007,'user001','TC-EXEC-007-013','Cycle-2025-Q4','测试用户1','{\"error\": \"dependency_error\", \"message\": \"依赖服务异常\"}','2025-11-12 19:33:24','2025-11-12 21:18:24',3,3,'执行失败：依赖服务异常','http://logs.example.com/exec-007-013.log',1,NULL,'2025-11-12 19:33:00',1,'2025-11-13 08:44:05',0),(5000000224,3000000007,'user002','TC-EXEC-007-014','Cycle-2025-Q4','测试用户2',NULL,'2025-11-03 19:07:57','2025-11-03 19:53:57',0,1,NULL,NULL,1,NULL,'2025-11-03 19:06:57',1,'2025-11-13 08:44:05',0),(5000000225,3000000007,'user001','TC-EXEC-007-015','Cycle-2025-Q4','测试用户1',NULL,'2025-10-21 08:38:24','2025-10-21 09:15:24',0,2,'执行成功','http://logs.example.com/exec-007-015.log',1,NULL,'2025-10-21 08:37:29',1,'2025-11-13 08:44:05',0),(5000000226,3000000007,'user005','TC-EXEC-007-016','Cycle-2025-Q4','测试用户5',NULL,'2025-10-15 08:08:56','2025-10-15 08:41:56',3,2,'执行成功','http://logs.example.com/exec-007-016.log',1,NULL,'2025-10-15 08:08:22',1,'2025-11-13 08:44:05',0),(5000000227,3000000007,'user002','TC-EXEC-007-017','Cycle-2025-Q4','测试用户2',NULL,'2025-11-09 13:14:43','2025-11-09 13:27:43',2,2,'执行成功','http://logs.example.com/exec-007-017.log',1,NULL,'2025-11-09 13:14:15',1,'2025-11-13 08:44:05',0),(5000000228,3000000007,'user005','TC-EXEC-007-018','Cycle-2025-Q4','测试用户5',NULL,'2025-11-05 14:22:20','2025-11-05 14:44:20',2,2,'执行成功','http://logs.example.com/exec-007-018.log',1,NULL,'2025-11-05 14:21:48',1,'2025-11-13 08:44:05',0),(5000000229,3000000007,'user004','TC-EXEC-007-019','Cycle-2025-Q4','测试用户4',NULL,'2025-11-06 11:42:24','2025-11-06 13:00:24',2,2,'执行成功','http://logs.example.com/exec-007-019.log',1,NULL,'2025-11-06 11:41:57',1,'2025-11-13 08:44:05',0),(5000000230,3000000007,'user004','TC-EXEC-007-020','Cycle-2025-Q4','测试用户4',NULL,'2025-11-09 16:42:18','2025-11-09 17:36:18',2,2,'执行成功','http://logs.example.com/exec-007-020.log',1,NULL,'2025-11-09 16:41:19',1,'2025-11-13 08:44:05',0),(5000000231,3000000007,'user002','TC-EXEC-007-021','Cycle-2025-Q4','测试用户2','{\"error\": \"resource_exhausted\", \"message\": \"系统资源不足\"}','2025-10-16 17:54:12','2025-10-16 18:55:12',3,3,'执行失败：系统资源不足','http://logs.example.com/exec-007-021.log',1,NULL,'2025-10-16 17:53:19',1,'2025-11-13 08:44:05',0),(5000000232,3000000007,'user003','TC-EXEC-007-022','Cycle-2025-Q4','测试用户3','{\"error\": \"service_unavailable\", \"message\": \"服务暂时不可用\"}','2025-10-19 16:49:51','2025-10-19 17:15:51',0,3,'执行失败：服务暂时不可用','http://logs.example.com/exec-007-022.log',1,NULL,'2025-10-19 16:49:16',1,'2025-11-13 08:44:05',0),(5000000233,3000000007,'user004','TC-EXEC-007-023','Cycle-2025-Q4','测试用户4','{\"error\": \"network_timeout\", \"message\": \"网络连接超时\"}','2025-11-04 15:35:56','2025-11-04 15:48:56',2,3,'执行失败：网络连接超时','http://logs.example.com/exec-007-023.log',1,NULL,'2025-11-04 15:34:57',1,'2025-11-13 08:44:05',0),(5000000234,3000000007,'user002','TC-EXEC-007-024','Cycle-2025-Q4','测试用户2','{\"error\": \"validation_error\", \"message\": \"数据验证失败\"}','2025-11-11 08:11:03',NULL,3,3,'执行失败：数据验证失败','http://logs.example.com/exec-007-024.log',1,NULL,'2025-11-11 08:10:42',1,'2025-11-13 08:44:05',0),(5000000235,3000000007,'user001','TC-EXEC-007-025','Cycle-2025-Q4','测试用户1',NULL,'2025-10-24 08:05:30','2025-10-24 09:34:30',0,2,'执行成功','http://logs.example.com/exec-007-025.log',1,NULL,'2025-10-24 08:04:48',1,'2025-11-13 08:44:05',0),(5000000236,3000000007,'user002','TC-EXEC-007-026','Cycle-2025-Q4','测试用户2',NULL,'2025-10-14 13:45:45','2025-10-14 15:29:45',0,2,'执行成功','http://logs.example.com/exec-007-026.log',1,NULL,'2025-10-14 13:45:29',1,'2025-11-13 08:44:05',0),(5000000237,3000000007,'user002','TC-EXEC-007-027','Cycle-2025-Q4','测试用户2',NULL,'2025-10-19 09:31:11','2025-10-19 10:17:11',3,0,NULL,NULL,1,NULL,'2025-10-19 09:30:50',1,'2025-11-13 08:44:05',0),(5000000238,3000000007,'user004','TC-EXEC-007-028','Cycle-2025-Q4','测试用户4',NULL,'2025-11-04 16:58:44','2025-11-04 18:43:44',3,2,'执行成功','http://logs.example.com/exec-007-028.log',1,NULL,'2025-11-04 16:58:15',1,'2025-11-13 08:44:05',0),(5000000239,3000000007,'user005','TC-EXEC-007-029','Cycle-2025-Q4','测试用户5',NULL,'2025-11-06 14:11:12','2025-11-06 15:40:12',3,2,'执行成功','http://logs.example.com/exec-007-029.log',1,NULL,'2025-11-06 14:10:23',1,'2025-11-13 08:44:05',0),(5000000240,3000000007,'user004','TC-EXEC-007-030','Cycle-2025-Q4','测试用户4',NULL,'2025-11-03 13:41:29','2025-11-03 15:39:29',0,2,'执行成功','http://logs.example.com/exec-007-030.log',1,NULL,'2025-11-03 13:41:02',1,'2025-11-13 08:44:05',0),(5000000241,3000000007,'user004','TC-EXEC-007-031','Cycle-2025-Q4','测试用户4',NULL,'2025-10-26 10:07:45','2025-10-26 10:43:45',3,2,'执行成功','http://logs.example.com/exec-007-031.log',1,NULL,'2025-10-26 10:07:15',1,'2025-11-13 08:44:05',0),(5000000242,3000000007,'user003','TC-EXEC-007-032','Cycle-2025-Q4','测试用户3',NULL,'2025-10-23 09:21:13','2025-10-23 10:26:13',3,2,'执行成功','http://logs.example.com/exec-007-032.log',1,NULL,'2025-10-23 09:20:55',1,'2025-11-13 08:44:05',0),(5000000243,3000000007,'user002','TC-EXEC-007-033','Cycle-2025-Q4','测试用户2',NULL,'2025-10-21 11:09:10','2025-10-21 11:36:10',2,2,'执行成功','http://logs.example.com/exec-007-033.log',1,NULL,'2025-10-21 11:08:29',1,'2025-11-13 08:44:05',0),(5000000244,3000000007,'user003','TC-EXEC-007-034','Cycle-2025-Q4','测试用户3',NULL,'2025-11-02 16:23:10','2025-11-02 18:16:10',1,2,'执行成功','http://logs.example.com/exec-007-034.log',1,NULL,'2025-11-02 16:22:32',1,'2025-11-13 08:44:05',0),(5000000245,3000000007,'user003','TC-EXEC-007-035','Cycle-2025-Q4','测试用户3','{\"error\": \"validation_error\", \"message\": \"数据验证失败\"}','2025-10-15 18:40:59','2025-10-15 19:19:59',0,3,'执行失败：数据验证失败','http://logs.example.com/exec-007-035.log',1,NULL,'2025-10-15 18:40:12',1,'2025-11-13 08:44:05',0),(5000000246,3000000008,'user004','TC-EXEC-008-001','Cycle-2025-Q4','测试用户4','{\"error\": \"dependency_error\", \"message\": \"依赖服务异常\"}','2025-11-03 10:07:00',NULL,1,3,'执行失败：依赖服务异常','http://logs.example.com/exec-008-001.log',1,NULL,'2025-11-03 10:06:55',1,'2025-11-13 08:44:05',0),(5000000247,3000000008,'user001','TC-EXEC-008-002','Cycle-2025-Q4','测试用户1',NULL,'2025-11-07 18:23:42','2025-11-07 20:03:42',0,2,'执行成功','http://logs.example.com/exec-008-002.log',1,NULL,'2025-11-07 18:23:01',1,'2025-11-13 08:44:05',0),(5000000248,3000000008,'user004','TC-EXEC-008-003','Cycle-2025-Q4','测试用户4',NULL,'2025-10-23 18:34:47','2025-10-23 20:22:47',2,2,'执行成功','http://logs.example.com/exec-008-003.log',1,NULL,'2025-10-23 18:34:32',1,'2025-11-13 08:44:05',0),(5000000249,3000000008,'user004','TC-EXEC-008-004','Cycle-2025-Q4','测试用户4',NULL,'2025-11-04 16:49:38','2025-11-04 18:30:38',0,2,'执行成功','http://logs.example.com/exec-008-004.log',1,NULL,'2025-11-04 16:49:22',1,'2025-11-13 08:44:05',0),(5000000250,3000000008,'user005','TC-EXEC-008-005','Cycle-2025-Q4','测试用户5',NULL,NULL,NULL,3,2,'执行成功','http://logs.example.com/exec-008-005.log',1,NULL,'2025-11-06 08:30:20',1,'2025-11-13 08:44:05',0),(5000000251,3000000008,'user002','TC-EXEC-008-006','Cycle-2025-Q4','测试用户2','{\"error\": \"validation_error\", \"message\": \"数据验证失败\"}','2025-10-16 19:46:04','2025-10-16 21:03:04',2,3,'执行失败：数据验证失败','http://logs.example.com/exec-008-006.log',1,NULL,'2025-10-16 19:45:05',1,'2025-11-13 08:44:05',0),(5000000252,3000000008,'user005','TC-EXEC-008-007','Cycle-2025-Q4','测试用户5',NULL,'2025-11-12 15:24:59','2025-11-12 16:52:59',2,2,'执行成功','http://logs.example.com/exec-008-007.log',1,NULL,'2025-11-12 15:24:10',1,'2025-11-13 08:44:05',0),(5000000253,3000000008,'user004','TC-EXEC-008-008','Cycle-2025-Q4','测试用户4',NULL,'2025-10-23 11:44:39','2025-10-23 12:47:39',3,2,'执行成功','http://logs.example.com/exec-008-008.log',1,NULL,'2025-10-23 11:44:10',1,'2025-11-13 08:44:05',0),(5000000254,3000000008,'user002','TC-EXEC-008-009','Cycle-2025-Q4','测试用户2',NULL,'2025-10-17 13:38:27','2025-10-17 15:23:27',2,2,'执行成功','http://logs.example.com/exec-008-009.log',1,NULL,'2025-10-17 13:38:16',1,'2025-11-13 08:44:05',0),(5000000255,3000000008,'user001','TC-EXEC-008-010','Cycle-2025-Q4','测试用户1',NULL,'2025-10-29 11:12:03','2025-10-29 12:35:03',2,1,NULL,NULL,1,NULL,'2025-10-29 11:11:24',1,'2025-11-13 08:44:05',0),(5000000256,3000000008,'user004','TC-EXEC-008-011','Cycle-2025-Q4','测试用户4',NULL,'2025-11-05 15:28:57','2025-11-05 15:52:57',3,2,'执行成功','http://logs.example.com/exec-008-011.log',1,NULL,'2025-11-05 15:28:53',1,'2025-11-13 08:44:05',0),(5000000257,3000000008,'user003','TC-EXEC-008-012','Cycle-2025-Q4','测试用户3',NULL,'2025-11-13 16:23:18','2025-11-13 18:17:18',0,2,'执行成功','http://logs.example.com/exec-008-012.log',1,NULL,'2025-11-13 16:22:58',1,'2025-11-13 08:44:05',0),(5000000258,3000000008,'user004','TC-EXEC-008-013','Cycle-2025-Q4','测试用户4',NULL,'2025-10-25 14:33:12','2025-10-25 16:13:12',3,2,'执行成功','http://logs.example.com/exec-008-013.log',1,NULL,'2025-10-25 14:32:26',1,'2025-11-13 08:44:05',0),(5000000259,3000000008,'user005','TC-EXEC-008-014','Cycle-2025-Q4','测试用户5',NULL,'2025-11-04 12:51:44','2025-11-04 13:46:44',2,2,'执行成功','http://logs.example.com/exec-008-014.log',1,NULL,'2025-11-04 12:51:05',1,'2025-11-13 08:44:05',0),(5000000260,3000000008,'user004','TC-EXEC-008-015','Cycle-2025-Q4','测试用户4',NULL,'2025-10-26 16:34:54','2025-10-26 18:12:54',3,2,'执行成功','http://logs.example.com/exec-008-015.log',1,NULL,'2025-10-26 16:33:54',1,'2025-11-13 08:44:05',0),(5000000261,3000000008,'user002','TC-EXEC-008-016','Cycle-2025-Q4','测试用户2','{\"error\": \"validation_error\", \"message\": \"数据验证失败\"}','2025-10-23 20:43:35','2025-10-23 21:27:35',3,3,'执行失败：数据验证失败','http://logs.example.com/exec-008-016.log',1,NULL,'2025-10-23 20:43:19',1,'2025-11-13 08:44:05',0),(5000000262,3000000008,'user005','TC-EXEC-008-017','Cycle-2025-Q4','测试用户5',NULL,'2025-10-31 12:34:48',NULL,1,2,'执行成功','http://logs.example.com/exec-008-017.log',1,NULL,'2025-10-31 12:34:27',1,'2025-11-13 08:44:05',0),(5000000263,3000000008,'user005','TC-EXEC-008-018','Cycle-2025-Q4','测试用户5','{\"error\": \"network_timeout\", \"message\": \"网络连接超时\"}','2025-10-21 12:23:46','2025-10-21 12:57:46',0,3,'执行失败：网络连接超时','http://logs.example.com/exec-008-018.log',1,NULL,'2025-10-21 12:23:05',1,'2025-11-13 08:44:05',0),(5000000264,3000000008,'user004','TC-EXEC-008-019','Cycle-2025-Q4','测试用户4',NULL,'2025-11-04 14:54:30','2025-11-04 15:09:30',3,2,'执行成功','http://logs.example.com/exec-008-019.log',1,NULL,'2025-11-04 14:54:21',1,'2025-11-13 08:44:05',0),(5000000265,3000000008,'user004','TC-EXEC-008-020','Cycle-2025-Q4','测试用户4',NULL,'2025-10-18 10:23:34','2025-10-18 11:33:34',2,2,'执行成功','http://logs.example.com/exec-008-020.log',1,NULL,'2025-10-18 10:23:26',1,'2025-11-13 08:44:05',0),(5000000266,3000000008,'user005','TC-EXEC-008-021','Cycle-2025-Q4','测试用户5',NULL,'2025-11-13 17:35:57','2025-11-13 18:21:57',3,2,'执行成功','http://logs.example.com/exec-008-021.log',1,NULL,'2025-11-13 17:35:01',1,'2025-11-13 08:44:05',0),(5000000267,3000000008,'user003','TC-EXEC-008-022','Cycle-2025-Q4','测试用户3',NULL,'2025-10-22 18:29:47','2025-10-22 19:37:47',2,2,'执行成功','http://logs.example.com/exec-008-022.log',1,NULL,'2025-10-22 18:29:42',1,'2025-11-13 08:44:05',0),(5000000268,3000000008,'user003','TC-EXEC-008-023','Cycle-2025-Q4','测试用户3',NULL,'2025-11-05 20:06:01',NULL,2,2,'执行成功','http://logs.example.com/exec-008-023.log',1,NULL,'2025-11-05 20:05:52',1,'2025-11-13 08:44:05',0),(5000000269,3000000008,'user005','TC-EXEC-008-024','Cycle-2025-Q4','测试用户5',NULL,'2025-10-17 19:39:30','2025-10-17 20:05:30',2,2,'执行成功','http://logs.example.com/exec-008-024.log',1,NULL,'2025-10-17 19:39:06',1,'2025-11-13 08:44:05',0),(5000000270,3000000008,'user003','TC-EXEC-008-025','Cycle-2025-Q4','测试用户3',NULL,NULL,NULL,3,1,NULL,NULL,1,NULL,'2025-10-17 08:30:20',1,'2025-11-13 08:44:05',0),(5000000271,3000000008,'user002','TC-EXEC-008-026','Cycle-2025-Q4','测试用户2',NULL,'2025-11-03 17:30:27','2025-11-03 19:22:27',0,2,'执行成功','http://logs.example.com/exec-008-026.log',1,NULL,'2025-11-03 17:29:52',1,'2025-11-13 08:44:05',0),(5000000272,3000000008,'user005','TC-EXEC-008-027','Cycle-2025-Q4','测试用户5',NULL,NULL,NULL,3,0,NULL,NULL,1,NULL,'2025-11-06 08:30:20',1,'2025-11-13 08:44:05',0),(5000000273,3000000008,'user004','TC-EXEC-008-028','Cycle-2025-Q4','测试用户4',NULL,'2025-10-14 10:37:01','2025-10-14 12:18:01',2,2,'执行成功','http://logs.example.com/exec-008-028.log',1,NULL,'2025-10-14 10:36:26',1,'2025-11-13 08:44:05',0),(5000000274,3000000008,'user004','TC-EXEC-008-029','Cycle-2025-Q4','测试用户4',NULL,'2025-11-01 14:23:33','2025-11-01 16:05:33',2,2,'执行成功','http://logs.example.com/exec-008-029.log',1,NULL,'2025-11-01 14:22:59',1,'2025-11-13 08:44:05',0),(5000000275,3000000008,'user005','TC-EXEC-008-030','Cycle-2025-Q4','测试用户5',NULL,'2025-11-11 16:33:50','2025-11-11 16:49:50',0,2,'执行成功','http://logs.example.com/exec-008-030.log',1,NULL,'2025-11-11 16:33:07',1,'2025-11-13 08:44:05',0),(5000000276,3000000008,'user003','TC-EXEC-008-031','Cycle-2025-Q4','测试用户3',NULL,NULL,NULL,3,2,'执行成功','http://logs.example.com/exec-008-031.log',1,NULL,'2025-11-02 08:30:20',1,'2025-11-13 08:44:05',0),(5000000277,3000000008,'user005','TC-EXEC-008-032','Cycle-2025-Q4','测试用户5',NULL,'2025-10-17 12:24:37','2025-10-17 13:15:37',3,2,'执行成功','http://logs.example.com/exec-008-032.log',1,NULL,'2025-10-17 12:23:52',1,'2025-11-13 08:44:05',0),(5000000278,3000000008,'user005','TC-EXEC-008-033','Cycle-2025-Q4','测试用户5','{\"error\": \"data_format_error\", \"message\": \"数据格式不正确\"}','2025-11-09 15:50:34','2025-11-09 16:40:34',0,3,'执行失败：数据格式不正确','http://logs.example.com/exec-008-033.log',1,NULL,'2025-11-09 15:49:38',1,'2025-11-13 08:44:05',0),(5000000279,3000000008,'user002','TC-EXEC-008-034','Cycle-2025-Q4','测试用户2',NULL,'2025-11-06 09:16:36','2025-11-06 09:22:36',2,2,'执行成功','http://logs.example.com/exec-008-034.log',1,NULL,'2025-11-06 09:15:40',1,'2025-11-13 08:44:05',0),(5000000280,3000000008,'user001','TC-EXEC-008-035','Cycle-2025-Q4','测试用户1',NULL,'2025-11-04 11:07:30','2025-11-04 11:56:30',2,2,'执行成功','http://logs.example.com/exec-008-035.log',1,NULL,'2025-11-04 11:07:08',1,'2025-11-13 08:44:05',0),(5000000281,3000000009,'user002','TC-EXEC-009-001','Cycle-2025-Q4','测试用户2','{\"error\": \"dependency_error\", \"message\": \"依赖服务异常\"}','2025-11-12 20:21:46','2025-11-12 21:13:46',0,3,'执行失败：依赖服务异常','http://logs.example.com/exec-009-001.log',1,NULL,'2025-11-12 20:21:02',1,'2025-11-13 08:44:05',0),(5000000282,3000000009,'user005','TC-EXEC-009-002','Cycle-2025-Q4','测试用户5',NULL,'2025-11-02 17:15:20','2025-11-02 19:03:20',3,2,'执行成功','http://logs.example.com/exec-009-002.log',1,NULL,'2025-11-02 17:14:36',1,'2025-11-13 08:44:05',0),(5000000283,3000000009,'user002','TC-EXEC-009-003','Cycle-2025-Q4','测试用户2',NULL,NULL,NULL,2,1,NULL,NULL,1,NULL,'2025-10-31 08:30:20',1,'2025-11-13 08:44:05',0),(5000000284,3000000009,'user002','TC-EXEC-009-004','Cycle-2025-Q4','测试用户2',NULL,'2025-11-03 20:04:44','2025-11-03 21:59:44',3,2,'执行成功','http://logs.example.com/exec-009-004.log',1,NULL,'2025-11-03 20:03:51',1,'2025-11-13 08:44:05',0),(5000000285,3000000009,'user004','TC-EXEC-009-005','Cycle-2025-Q4','测试用户4',NULL,'2025-11-09 10:12:15','2025-11-09 12:01:15',3,2,'执行成功','http://logs.example.com/exec-009-005.log',1,NULL,'2025-11-09 10:11:46',1,'2025-11-13 08:44:05',0),(5000000286,3000000009,'user002','TC-EXEC-009-006','Cycle-2025-Q4','测试用户2','{\"error\": \"data_format_error\", \"message\": \"数据格式不正确\"}','2025-10-23 12:20:34','2025-10-23 14:06:34',1,3,'执行失败：数据格式不正确','http://logs.example.com/exec-009-006.log',1,NULL,'2025-10-23 12:20:28',1,'2025-11-13 08:44:05',0),(5000000287,3000000009,'user003','TC-EXEC-009-007','Cycle-2025-Q4','测试用户3','{\"error\": \"data_format_error\", \"message\": \"数据格式不正确\"}','2025-11-07 09:09:16','2025-11-07 10:09:16',1,3,'执行失败：数据格式不正确','http://logs.example.com/exec-009-007.log',1,NULL,'2025-11-07 09:09:14',1,'2025-11-13 08:44:05',0),(5000000288,3000000009,'user005','TC-EXEC-009-008','Cycle-2025-Q4','测试用户5',NULL,'2025-11-04 11:04:25','2025-11-04 11:17:25',0,2,'执行成功','http://logs.example.com/exec-009-008.log',1,NULL,'2025-11-04 11:04:01',1,'2025-11-13 08:44:05',0),(5000000289,3000000009,'user002','TC-EXEC-009-009','Cycle-2025-Q4','测试用户2',NULL,'2025-10-16 10:26:15','2025-10-16 11:14:15',3,1,NULL,NULL,1,NULL,'2025-10-16 10:26:01',1,'2025-11-13 08:44:05',0),(5000000290,3000000009,'user005','TC-EXEC-009-010','Cycle-2025-Q4','测试用户5',NULL,'2025-11-12 09:42:54','2025-11-12 10:09:54',1,2,'执行成功','http://logs.example.com/exec-009-010.log',1,NULL,'2025-11-12 09:42:12',1,'2025-11-13 08:44:05',0),(5000000291,3000000009,'user004','TC-EXEC-009-011','Cycle-2025-Q4','测试用户4',NULL,NULL,NULL,3,2,'执行成功','http://logs.example.com/exec-009-011.log',1,NULL,'2025-11-06 08:30:20',1,'2025-11-13 08:44:05',0),(5000000292,3000000009,'user004','TC-EXEC-009-012','Cycle-2025-Q4','测试用户4',NULL,'2025-11-12 13:11:49','2025-11-12 14:19:49',3,2,'执行成功','http://logs.example.com/exec-009-012.log',1,NULL,'2025-11-12 13:11:03',1,'2025-11-13 08:44:05',0),(5000000293,3000000009,'user004','TC-EXEC-009-013','Cycle-2025-Q4','测试用户4',NULL,'2025-10-15 18:23:40','2025-10-15 19:45:40',3,2,'执行成功','http://logs.example.com/exec-009-013.log',1,NULL,'2025-10-15 18:23:10',1,'2025-11-13 08:44:05',0),(5000000294,3000000009,'user004','TC-EXEC-009-014','Cycle-2025-Q4','测试用户4','{\"error\": \"resource_exhausted\", \"message\": \"系统资源不足\"}','2025-10-31 14:21:25','2025-10-31 16:16:25',3,3,'执行失败：系统资源不足','http://logs.example.com/exec-009-014.log',1,NULL,'2025-10-31 14:20:49',1,'2025-11-13 08:44:05',0),(5000000295,3000000009,'user004','TC-EXEC-009-015','Cycle-2025-Q4','测试用户4',NULL,'2025-10-15 17:21:08','2025-10-15 18:53:08',0,0,NULL,NULL,1,NULL,'2025-10-15 17:20:50',1,'2025-11-13 08:44:05',0),(5000000296,3000000009,'user003','TC-EXEC-009-016','Cycle-2025-Q4','测试用户3',NULL,'2025-10-27 08:26:56','2025-10-27 09:49:56',2,2,'执行成功','http://logs.example.com/exec-009-016.log',1,NULL,'2025-10-27 08:26:31',1,'2025-11-13 08:44:05',0),(5000000297,3000000009,'user003','TC-EXEC-009-017','Cycle-2025-Q4','测试用户3','{\"error\": \"resource_exhausted\", \"message\": \"系统资源不足\"}','2025-11-03 16:57:21',NULL,3,3,'执行失败：系统资源不足','http://logs.example.com/exec-009-017.log',1,NULL,'2025-11-03 16:57:17',1,'2025-11-13 08:44:05',0),(5000000298,3000000009,'user005','TC-EXEC-009-018','Cycle-2025-Q4','测试用户5',NULL,NULL,NULL,2,2,'执行成功','http://logs.example.com/exec-009-018.log',1,NULL,'2025-10-22 08:30:20',1,'2025-11-13 08:44:05',0),(5000000299,3000000009,'user005','TC-EXEC-009-019','Cycle-2025-Q4','测试用户5',NULL,'2025-10-15 14:18:24','2025-10-15 14:49:24',0,2,'执行成功','http://logs.example.com/exec-009-019.log',1,NULL,'2025-10-15 14:17:28',1,'2025-11-13 08:44:05',0),(5000000300,3000000009,'user005','TC-EXEC-009-020','Cycle-2025-Q4','测试用户5',NULL,'2025-10-20 10:43:02','2025-10-20 11:02:02',2,2,'执行成功','http://logs.example.com/exec-009-020.log',1,NULL,'2025-10-20 10:42:27',1,'2025-11-13 08:44:05',0),(5000000301,3000000009,'user001','TC-EXEC-009-021','Cycle-2025-Q4','测试用户1',NULL,'2025-10-26 14:34:44','2025-10-26 15:09:44',3,2,'执行成功','http://logs.example.com/exec-009-021.log',1,NULL,'2025-10-26 14:33:50',1,'2025-11-13 08:44:05',0),(5000000302,3000000009,'user002','TC-EXEC-009-022','Cycle-2025-Q4','测试用户2','{\"error\": \"network_timeout\", \"message\": \"网络连接超时\"}',NULL,NULL,2,3,'执行失败：网络连接超时','http://logs.example.com/exec-009-022.log',1,NULL,'2025-11-05 08:30:20',1,'2025-11-13 08:44:05',0),(5000000303,3000000009,'user004','TC-EXEC-009-023','Cycle-2025-Q4','测试用户4','{\"error\": \"dependency_error\", \"message\": \"依赖服务异常\"}','2025-10-14 15:25:25','2025-10-14 15:47:25',0,3,'执行失败：依赖服务异常','http://logs.example.com/exec-009-023.log',1,NULL,'2025-10-14 15:25:23',1,'2025-11-13 08:44:05',0),(5000000304,3000000009,'user003','TC-EXEC-009-024','Cycle-2025-Q4','测试用户3',NULL,'2025-10-31 15:58:00','2025-10-31 16:45:00',2,2,'执行成功','http://logs.example.com/exec-009-024.log',1,NULL,'2025-10-31 15:57:02',1,'2025-11-13 08:44:05',0),(5000000305,3000000009,'user001','TC-EXEC-009-025','Cycle-2025-Q4','测试用户1',NULL,'2025-10-31 10:18:42','2025-10-31 10:43:42',3,2,'执行成功','http://logs.example.com/exec-009-025.log',1,NULL,'2025-10-31 10:18:01',1,'2025-11-13 08:44:05',0),(5000000306,3000000009,'user004','TC-EXEC-009-026','Cycle-2025-Q4','测试用户4',NULL,'2025-10-29 10:32:25','2025-10-29 12:18:25',0,2,'执行成功','http://logs.example.com/exec-009-026.log',1,NULL,'2025-10-29 10:32:15',1,'2025-11-13 08:44:05',0),(5000000307,3000000009,'user004','TC-EXEC-009-027','Cycle-2025-Q4','测试用户4',NULL,'2025-10-25 08:55:06','2025-10-25 10:00:06',2,2,'执行成功','http://logs.example.com/exec-009-027.log',1,NULL,'2025-10-25 08:54:30',1,'2025-11-13 08:44:05',0),(5000000308,3000000009,'user005','TC-EXEC-009-028','Cycle-2025-Q4','测试用户5',NULL,'2025-10-19 17:36:13','2025-10-19 18:11:13',0,2,'执行成功','http://logs.example.com/exec-009-028.log',1,NULL,'2025-10-19 17:35:47',1,'2025-11-13 08:44:05',0),(5000000309,3000000009,'user005','TC-EXEC-009-029','Cycle-2025-Q4','测试用户5',NULL,NULL,NULL,3,2,'执行成功','http://logs.example.com/exec-009-029.log',1,NULL,'2025-10-25 08:30:20',1,'2025-11-13 08:44:05',0),(5000000310,3000000009,'user005','TC-EXEC-009-030','Cycle-2025-Q4','测试用户5',NULL,'2025-11-12 11:38:04','2025-11-12 13:04:04',3,0,NULL,NULL,1,NULL,'2025-11-12 11:37:37',1,'2025-11-13 08:44:05',0),(5000000311,3000000009,'user004','TC-EXEC-009-031','Cycle-2025-Q4','测试用户4',NULL,'2025-10-17 08:02:32',NULL,2,2,'执行成功','http://logs.example.com/exec-009-031.log',1,NULL,'2025-10-17 08:02:03',1,'2025-11-13 08:44:05',0),(5000000312,3000000009,'user002','TC-EXEC-009-032','Cycle-2025-Q4','测试用户2',NULL,'2025-10-18 12:25:45',NULL,3,0,NULL,NULL,1,NULL,'2025-10-18 12:25:28',1,'2025-11-13 08:44:05',0),(5000000313,3000000009,'user004','TC-EXEC-009-033','Cycle-2025-Q4','测试用户4','{\"error\": \"config_error\", \"message\": \"配置参数错误\"}','2025-10-19 08:45:32','2025-10-19 08:58:32',3,3,'执行失败：配置参数错误','http://logs.example.com/exec-009-033.log',1,NULL,'2025-10-19 08:44:54',1,'2025-11-13 08:44:05',0),(5000000314,3000000009,'user004','TC-EXEC-009-034','Cycle-2025-Q4','测试用户4',NULL,'2025-11-01 15:23:23','2025-11-01 16:15:23',0,0,NULL,NULL,1,NULL,'2025-11-01 15:23:14',1,'2025-11-13 08:44:05',0),(5000000315,3000000009,'user002','TC-EXEC-009-035','Cycle-2025-Q4','测试用户2',NULL,'2025-10-23 08:56:49','2025-10-23 10:26:49',2,0,NULL,NULL,1,NULL,'2025-10-23 08:56:29',1,'2025-11-13 08:44:05',0),(5000000316,3000000010,'user005','TC-EXEC-010-001','Cycle-2025-Q4','测试用户5',NULL,'2025-11-03 10:49:07','2025-11-03 12:26:07',2,1,NULL,NULL,1,NULL,'2025-11-03 10:48:14',1,'2025-11-13 08:44:05',0),(5000000317,3000000010,'user005','TC-EXEC-010-002','Cycle-2025-Q4','测试用户5',NULL,'2025-10-16 08:59:18','2025-10-16 09:08:18',3,2,'执行成功','http://logs.example.com/exec-010-002.log',1,NULL,'2025-10-16 08:58:56',1,'2025-11-13 08:44:05',0),(5000000318,3000000010,'user001','TC-EXEC-010-003','Cycle-2025-Q4','测试用户1',NULL,'2025-11-07 18:59:12','2025-11-07 19:50:12',0,2,'执行成功','http://logs.example.com/exec-010-003.log',1,NULL,'2025-11-07 18:58:23',1,'2025-11-13 08:44:05',0),(5000000319,3000000010,'user005','TC-EXEC-010-004','Cycle-2025-Q4','测试用户5',NULL,'2025-11-04 11:44:25','2025-11-04 13:08:25',3,2,'执行成功','http://logs.example.com/exec-010-004.log',1,NULL,'2025-11-04 11:44:24',1,'2025-11-13 08:44:05',0),(5000000320,3000000010,'user002','TC-EXEC-010-005','Cycle-2025-Q4','测试用户2',NULL,'2025-11-13 16:40:50','2025-11-13 17:21:50',3,2,'执行成功','http://logs.example.com/exec-010-005.log',1,NULL,'2025-11-13 16:40:50',1,'2025-11-13 08:44:05',0),(5000000321,3000000010,'user003','TC-EXEC-010-006','Cycle-2025-Q4','测试用户3',NULL,'2025-11-09 08:55:50',NULL,3,2,'执行成功','http://logs.example.com/exec-010-006.log',1,NULL,'2025-11-09 08:55:44',1,'2025-11-13 08:44:05',0),(5000000322,3000000010,'user005','TC-EXEC-010-007','Cycle-2025-Q4','测试用户5',NULL,'2025-10-26 11:36:41','2025-10-26 12:21:41',3,0,NULL,NULL,1,NULL,'2025-10-26 11:35:44',1,'2025-11-13 08:44:05',0),(5000000323,3000000010,'user005','TC-EXEC-010-008','Cycle-2025-Q4','测试用户5',NULL,'2025-10-24 14:50:01','2025-10-24 14:58:01',0,2,'执行成功','http://logs.example.com/exec-010-008.log',1,NULL,'2025-10-24 14:49:40',1,'2025-11-13 08:44:05',0),(5000000324,3000000010,'user004','TC-EXEC-010-009','Cycle-2025-Q4','测试用户4','{\"error\": \"permission_denied\", \"message\": \"权限不足\"}','2025-10-29 16:37:59','2025-10-29 17:13:59',0,3,'执行失败：权限不足','http://logs.example.com/exec-010-009.log',1,NULL,'2025-10-29 16:37:34',1,'2025-11-13 08:44:05',0),(5000000325,3000000010,'user005','TC-EXEC-010-010','Cycle-2025-Q4','测试用户5',NULL,'2025-10-27 19:51:10','2025-10-27 20:24:10',3,2,'执行成功','http://logs.example.com/exec-010-010.log',1,NULL,'2025-10-27 19:50:26',1,'2025-11-13 08:44:05',0),(5000000326,3000000010,'user003','TC-EXEC-010-011','Cycle-2025-Q4','测试用户3','{\"error\": \"data_format_error\", \"message\": \"数据格式不正确\"}','2025-10-23 12:39:38','2025-10-23 13:30:38',3,3,'执行失败：数据格式不正确','http://logs.example.com/exec-010-011.log',1,NULL,'2025-10-23 12:39:26',1,'2025-11-13 08:44:05',0),(5000000327,3000000010,'user004','TC-EXEC-010-012','Cycle-2025-Q4','测试用户4',NULL,'2025-10-23 11:30:34','2025-10-23 12:18:34',2,2,'执行成功','http://logs.example.com/exec-010-012.log',1,NULL,'2025-10-23 11:29:47',1,'2025-11-13 08:44:05',0),(5000000328,3000000010,'user003','TC-EXEC-010-013','Cycle-2025-Q4','测试用户3',NULL,'2025-11-07 15:14:20','2025-11-07 16:43:20',3,0,NULL,NULL,1,NULL,'2025-11-07 15:14:16',1,'2025-11-13 08:44:05',0),(5000000329,3000000010,'user002','TC-EXEC-010-014','Cycle-2025-Q4','测试用户2',NULL,'2025-11-09 09:26:44','2025-11-09 10:18:44',0,2,'执行成功','http://logs.example.com/exec-010-014.log',1,NULL,'2025-11-09 09:26:18',1,'2025-11-13 08:44:05',0),(5000000330,3000000010,'user001','TC-EXEC-010-015','Cycle-2025-Q4','测试用户1',NULL,'2025-10-20 16:45:43',NULL,2,2,'执行成功','http://logs.example.com/exec-010-015.log',1,NULL,'2025-10-20 16:44:44',1,'2025-11-13 08:44:05',0),(5000000331,3000000010,'user002','TC-EXEC-010-016','Cycle-2025-Q4','测试用户2',NULL,'2025-10-19 16:02:37',NULL,2,2,'执行成功','http://logs.example.com/exec-010-016.log',1,NULL,'2025-10-19 16:01:42',1,'2025-11-13 08:44:05',0),(5000000332,3000000010,'user002','TC-EXEC-010-017','Cycle-2025-Q4','测试用户2',NULL,'2025-11-05 16:53:35','2025-11-05 18:17:35',3,0,NULL,NULL,1,NULL,'2025-11-05 16:53:09',1,'2025-11-13 08:44:05',0),(5000000333,3000000010,'user001','TC-EXEC-010-018','Cycle-2025-Q4','测试用户1','{\"error\": \"dependency_error\", \"message\": \"依赖服务异常\"}','2025-10-20 10:28:42','2025-10-20 11:51:42',3,3,'执行失败：依赖服务异常','http://logs.example.com/exec-010-018.log',1,NULL,'2025-10-20 10:28:27',1,'2025-11-13 08:44:05',0),(5000000334,3000000010,'user004','TC-EXEC-010-019','Cycle-2025-Q4','测试用户4',NULL,'2025-11-13 08:29:24','2025-11-13 08:50:24',3,1,NULL,NULL,1,NULL,'2025-11-13 08:29:06',1,'2025-11-13 08:44:05',0),(5000000335,3000000010,'user002','TC-EXEC-010-020','Cycle-2025-Q4','测试用户2',NULL,'2025-11-12 08:12:29','2025-11-12 10:07:29',2,2,'执行成功','http://logs.example.com/exec-010-020.log',1,NULL,'2025-11-12 08:12:21',1,'2025-11-13 08:44:05',0),(5000000336,3000000010,'user001','TC-EXEC-010-021','Cycle-2025-Q4','测试用户1',NULL,'2025-11-05 10:44:09','2025-11-05 12:15:09',2,2,'执行成功','http://logs.example.com/exec-010-021.log',1,NULL,'2025-11-05 10:43:25',1,'2025-11-13 08:44:05',0),(5000000337,3000000010,'user005','TC-EXEC-010-022','Cycle-2025-Q4','测试用户5',NULL,'2025-10-18 17:54:21','2025-10-18 18:45:21',0,2,'执行成功','http://logs.example.com/exec-010-022.log',1,NULL,'2025-10-18 17:54:00',1,'2025-11-13 08:44:05',0),(5000000338,3000000010,'user002','TC-EXEC-010-023','Cycle-2025-Q4','测试用户2',NULL,'2025-10-26 14:00:34','2025-10-26 15:46:34',2,2,'执行成功','http://logs.example.com/exec-010-023.log',1,NULL,'2025-10-26 14:00:34',1,'2025-11-13 08:44:05',0),(5000000339,3000000010,'user005','TC-EXEC-010-024','Cycle-2025-Q4','测试用户5',NULL,'2025-11-03 13:12:41','2025-11-03 14:03:41',3,2,'执行成功','http://logs.example.com/exec-010-024.log',1,NULL,'2025-11-03 13:12:05',1,'2025-11-13 08:44:05',0),(5000000340,3000000010,'user001','TC-EXEC-010-025','Cycle-2025-Q4','测试用户1',NULL,NULL,NULL,3,0,NULL,NULL,1,NULL,'2025-10-26 08:30:20',1,'2025-11-13 08:44:05',0),(5000000341,3000000010,'user005','TC-EXEC-010-026','Cycle-2025-Q4','测试用户5',NULL,'2025-10-18 15:19:34','2025-10-18 16:50:34',0,2,'执行成功','http://logs.example.com/exec-010-026.log',1,NULL,'2025-10-18 15:18:38',1,'2025-11-13 08:44:05',0),(5000000342,3000000010,'user002','TC-EXEC-010-027','Cycle-2025-Q4','测试用户2',NULL,'2025-10-27 11:53:23','2025-10-27 12:21:23',3,2,'执行成功','http://logs.example.com/exec-010-027.log',1,NULL,'2025-10-27 11:52:37',1,'2025-11-13 08:44:05',0),(5000000343,3000000010,'user001','TC-EXEC-010-028','Cycle-2025-Q4','测试用户1',NULL,'2025-11-01 12:42:39','2025-11-01 14:09:39',0,0,NULL,NULL,1,NULL,'2025-11-01 12:42:11',1,'2025-11-13 08:44:05',0),(5000000344,3000000010,'user005','TC-EXEC-010-029','Cycle-2025-Q4','测试用户5','{\"error\": \"service_unavailable\", \"message\": \"服务暂时不可用\"}','2025-10-28 17:04:26','2025-10-28 17:54:26',2,3,'执行失败：服务暂时不可用','http://logs.example.com/exec-010-029.log',1,NULL,'2025-10-28 17:04:15',1,'2025-11-13 08:44:05',0),(5000000345,3000000010,'user001','TC-EXEC-010-030','Cycle-2025-Q4','测试用户1',NULL,'2025-11-13 19:01:55','2025-11-13 19:17:55',0,2,'执行成功','http://logs.example.com/exec-010-030.log',1,NULL,'2025-11-13 19:01:46',1,'2025-11-13 08:44:05',0),(5000000346,3000000010,'user002','TC-EXEC-010-031','Cycle-2025-Q4','测试用户2',NULL,'2025-10-25 15:43:40','2025-10-25 17:26:40',2,2,'执行成功','http://logs.example.com/exec-010-031.log',1,NULL,'2025-10-25 15:43:14',1,'2025-11-13 08:44:05',0),(5000000347,3000000010,'user002','TC-EXEC-010-032','Cycle-2025-Q4','测试用户2',NULL,'2025-10-17 16:18:36','2025-10-17 16:53:36',3,2,'执行成功','http://logs.example.com/exec-010-032.log',1,NULL,'2025-10-17 16:18:17',1,'2025-11-13 08:44:05',0),(5000000348,3000000010,'user004','TC-EXEC-010-033','Cycle-2025-Q4','测试用户4',NULL,'2025-11-05 13:45:33',NULL,3,2,'执行成功','http://logs.example.com/exec-010-033.log',1,NULL,'2025-11-05 13:44:54',1,'2025-11-13 08:44:05',0),(5000000349,3000000010,'user003','TC-EXEC-010-034','Cycle-2025-Q4','测试用户3',NULL,'2025-10-24 16:06:08','2025-10-24 17:44:08',2,2,'执行成功','http://logs.example.com/exec-010-034.log',1,NULL,'2025-10-24 16:05:30',1,'2025-11-13 08:44:05',0),(5000000350,3000000010,'user003','TC-EXEC-010-035','Cycle-2025-Q4','测试用户3',NULL,'2025-10-14 12:03:05','2025-10-14 12:32:05',3,1,NULL,NULL,1,NULL,'2025-10-14 12:02:14',1,'2025-11-13 08:44:05',0),(1848653102918803065,1846557388006625421,'1','2','3','4',NULL,'2025-11-13 05:49:44',NULL,1,0,NULL,NULL,NULL,NULL,'2025-11-13 05:49:44',NULL,'2025-11-13 05:55:40',1),(1848653476252412101,1846557388006625421,'1','2','3','4',NULL,'2025-11-13 05:55:40',NULL,1,0,NULL,NULL,NULL,NULL,'2025-11-13 05:55:40',NULL,'2025-11-13 05:55:40',0);
/*!40000 ALTER TABLE `host_exec_log` ENABLE KEYS */;
UNLOCK TABLES;

--
-- Table structure for table `host_hw_rec`
--

DROP TABLE IF EXISTS `host_hw_rec`;
/*!40101 SET @saved_cs_client     = @@character_set_client */;
/*!50503 SET character_set_client = utf8mb4 */;
CREATE TABLE `host_hw_rec` (
  `id` bigint NOT NULL COMMENT '主键',
  `hardware_id` varchar(64) COLLATE utf8mb4_general_ci DEFAULT NULL COMMENT 'mongodb 主键;mongo db 硬件 id',
  `host_id` bigint DEFAULT NULL COMMENT '主机主键;host_rec 表主键',
  `hw_info` longtext CHARACTER SET utf8mb4 COLLATE utf8mb4_bin COMMENT '硬件信息;mongo db 数据格式',
  `diff_state` tinyint DEFAULT NULL COMMENT '参数状态;{ver_diff: 1, 版本号变化. item_diff: 2, 内容更改. failed: 3, 异常.}',
  `sync_state` tinyint DEFAULT '0' COMMENT '同步状态;{empty: 0 空状态. wait: 1, 待同步. success: 2, 通过. failed: 3, 异常.}',
  `appr_time` datetime DEFAULT NULL COMMENT '审批时间',
  `appr_by` bigint DEFAULT NULL COMMENT '审批人',
  `created_by` bigint DEFAULT NULL COMMENT '创建人',
  `created_time` datetime DEFAULT CURRENT_TIMESTAMP COMMENT '创建时间',
  `updated_by` bigint DEFAULT NULL COMMENT '更新人',
  `updated_time` datetime DEFAULT CURRENT_TIMESTAMP ON UPDATE CURRENT_TIMESTAMP COMMENT '更新时间',
  `del_flag` tinyint NOT NULL DEFAULT '0' COMMENT '删除标识;{useing: 0, 使用中. del: 1, 删除.}',
  `hw_ver` varchar(32) COLLATE utf8mb4_general_ci DEFAULT NULL COMMENT '硬件版本号',
  PRIMARY KEY (`id`),
  KEY `ix_host` (`host_id`),
  KEY `ix_ct` (`created_time`),
  KEY `ix_del` (`del_flag`),
  KEY `ix_sync_state` (`sync_state`,`del_flag`),
  KEY `ix_diff_state` (`diff_state`,`del_flag`),
  KEY `ix_host_sync_diff_del` (`host_id`,`sync_state`,`diff_state`,`del_flag`),
  CONSTRAINT `host_hw_rec_chk_1` CHECK (json_valid(`hw_info`))
) ENGINE=InnoDB DEFAULT CHARSET=utf8mb4 COLLATE=utf8mb4_general_ci COMMENT='主机硬件记录;记录主机硬件变动信息';
/*!40101 SET character_set_client = @saved_cs_client */;

--
-- Dumping data for table `host_hw_rec`
--

LOCK TABLES `host_hw_rec` WRITE;
/*!40000 ALTER TABLE `host_hw_rec` DISABLE KEYS */;
INSERT INTO `host_hw_rec` VALUES (1,'test-hardware-1',1846557388006625421,'{\"hardware_id\":\"abc123\",\"name\":\"Test Server Config\",\"dmr_config\":{\"revision\":1,\"mainboard\":{\"plt_meta_data\":{\"platform\":\"DMR\",\"label_plt_cfg\":\"config_label\"},\"board\":{\"board_meta_data\":{\"board_name\":\"SHMRCDMR\",\"host_name\":\"test-host\",\"host_ip\":\"10.239.168.169\"}}}},\"updated_at\":\"2025-09-17T10:00:00Z\",\"updated_by\":\"user@intel.com\",\"tags\":[\"test\",\"dmr\"]}',0,2,NULL,NULL,NULL,'2025-11-12 14:25:40',NULL,'2025-11-13 07:16:56',0,NULL),(2,'test-hardware-2',1847395771312739675,'{\"hardware_id\":\"abc123\",\"name\":\"Test Server Config\",\"dmr_config\":{\"revision\":1,\"mainboard\":{\"plt_meta_data\":{\"platform\":\"DMR\",\"label_plt_cfg\":\"config_label\"},\"board\":{\"board_meta_data\":{\"board_name\":\"SHMRCDMR\",\"host_name\":\"test-host\",\"host_ip\":\"10.239.168.169\"}}}},\"updated_at\":\"2025-09-17T10:00:00Z\",\"updated_by\":\"user@intel.com\",\"tags\":[\"test\",\"dmr\"]}',0,2,NULL,NULL,NULL,'2025-11-12 14:26:11',NULL,'2025-11-13 07:16:56',0,NULL),(3,'test-hardware-2',1847395771312739675,'{\"hardware_id\":\"abc123\",\"name\":\"Test Server Config\",\"dmr_config\":{\"revision\":2,\"mainboard\":{\"plt_meta_data\":{\"platform\":\"DMR\",\"label_plt_cfg\":\"config_label\"},\"board\":{\"board_meta_data\":{\"board_name\":\"SHMRCDMR\",\"host_name\":\"test-host\",\"host_ip\":\"10.239.168.169\"}}}},\"updated_at\":\"2025-09-17T10:00:00Z\",\"updated_by\":\"user@intel.com\",\"tags\":[\"test\",\"dmr\"]}',0,4,NULL,NULL,NULL,'2025-11-13 07:16:56',NULL,'2025-11-13 07:55:50',0,NULL),(4,'test-hardware-2',1847395771312739675,'{\"hardware_id\":\"abc123\",\"name\":\"Test Server Config\",\"dmr_config\":{\"revision\":2,\"mainboard\":{\"plt_meta_data\":{\"platform\":\"DMR1\",\"label_plt_cfg\":\"config_label\"},\"board\":{\"board_meta_data\":{\"board_name\":\"SHMRCDMR\",\"host_name\":\"test-host\",\"host_ip\":\"10.239.168.169\"}}}},\"updated_at\":\"2025-09-17T10:00:00Z\",\"updated_by\":\"user@intel.com\",\"tags\":[\"test\",\"dmr\"]}',0,2,'2025-11-13 07:55:50',1,NULL,'2025-11-13 07:16:56',NULL,'2025-11-13 07:55:50',0,NULL),(3000000001,'hw-001-v3',2000000001,'{\"dmr_config\": {\"revision\": 3, \"mainboard\": {\"plt_meta_data\": {\"platform\": \"DMR\", \"label_plt_cfg\": \"config_v3\"}, \"board\": {\"board_meta_data\": {\"board_name\": \"SHMRCDMR\", \"host_name\": \"host-001\", \"host_ip\": \"192.168.1.101\"}}}}}',1,1,NULL,NULL,1,'2025-11-15 10:00:00',1,'2025-11-13 08:14:30',0,'3.0.0'),(3000000002,'hw-001-v2',2000000001,'{\"dmr_config\": {\"revision\": 2, \"mainboard\": {\"plt_meta_data\": {\"platform\": \"DMR\", \"label_plt_cfg\": \"config_v2\"}, \"board\": {\"board_meta_data\": {\"board_name\": \"SHMRCDMR\", \"host_name\": \"host-001\", \"host_ip\": \"192.168.1.101\"}}}}}',1,1,NULL,NULL,1,'2025-11-14 09:00:00',1,'2025-11-13 08:14:30',0,'2.0.0'),(3000000003,'hw-001-v1',2000000001,'{\"dmr_config\": {\"revision\": 1, \"mainboard\": {\"plt_meta_data\": {\"platform\": \"DMR\", \"label_plt_cfg\": \"config_v1\"}, \"board\": {\"board_meta_data\": {\"board_name\": \"SHMRCDMR\", \"host_name\": \"host-001\", \"host_ip\": \"192.168.1.101\"}}}}}',1,1,NULL,NULL,1,'2025-11-13 08:00:00',1,'2025-11-13 08:14:30',0,'1.0.0'),(3000000004,'hw-002-v2',2000000002,'{\"dmr_config\": {\"revision\": 2, \"mainboard\": {\"plt_meta_data\": {\"platform\": \"DMR\", \"label_plt_cfg\": \"config_v2_modified\"}, \"board\": {\"board_meta_data\": {\"board_name\": \"SHMRCDMR\", \"host_name\": \"host-002\", \"host_ip\": \"192.168.1.102\"}}}}}',2,1,NULL,NULL,1,'2025-11-15 11:00:00',1,'2025-11-13 08:14:30',0,'2.0.0'),(3000000005,'hw-002-v1',2000000002,'{\"dmr_config\": {\"revision\": 1, \"mainboard\": {\"plt_meta_data\": {\"platform\": \"DMR\", \"label_plt_cfg\": \"config_v1\"}, \"board\": {\"board_meta_data\": {\"board_name\": \"SHMRCDMR\", \"host_name\": \"host-002\", \"host_ip\": \"192.168.1.102\"}}}}}',2,1,NULL,NULL,1,'2025-11-14 10:00:00',1,'2025-11-13 08:14:30',0,'1.0.0'),(3000000006,'hw-002-v0',2000000002,'{\"dmr_config\": {\"revision\": 0, \"mainboard\": {\"plt_meta_data\": {\"platform\": \"DMR\", \"label_plt_cfg\": \"config_v0\"}, \"board\": {\"board_meta_data\": {\"board_name\": \"SHMRCDMR\", \"host_name\": \"host-002\", \"host_ip\": \"192.168.1.102\"}}}}}',2,1,NULL,NULL,1,'2025-11-13 09:00:00',1,'2025-11-13 08:14:30',0,'0.9.0'),(3000000007,'hw-002-v0-old',2000000002,'{\"dmr_config\": {\"revision\": 0, \"mainboard\": {\"plt_meta_data\": {\"platform\": \"DMR\", \"label_plt_cfg\": \"config_v0_old\"}, \"board\": {\"board_meta_data\": {\"board_name\": \"SHMRCDMR\", \"host_name\": \"host-002\", \"host_ip\": \"192.168.1.102\"}}}}}',1,2,'2025-11-01 00:00:00',1001,1,'2025-11-12 08:00:00',1,'2025-11-13 08:14:30',0,'0.8.0'),(3000000008,'hw-003-v2',2000000003,'{\"dmr_config\": {\"revision\": 2, \"mainboard\": {\"plt_meta_data\": {\"platform\": \"DMR\", \"label_plt_cfg\": \"config_v2\"}, \"board\": {\"board_meta_data\": {\"board_name\": \"SHMRCDMR\", \"host_name\": \"host-003\", \"host_ip\": \"192.168.1.103\"}}}}}',1,1,NULL,NULL,1,'2025-11-15 12:00:00',1,'2025-11-13 08:14:30',0,'2.0.0'),(3000000009,'hw-003-v1',2000000003,'{\"dmr_config\": {\"revision\": 1, \"mainboard\": {\"plt_meta_data\": {\"platform\": \"DMR\", \"label_plt_cfg\": \"config_v1\"}, \"board\": {\"board_meta_data\": {\"board_name\": \"SHMRCDMR\", \"host_name\": \"host-003\", \"host_ip\": \"192.168.1.103\"}}}}}',1,1,NULL,NULL,1,'2025-11-14 11:00:00',1,'2025-11-13 08:14:30',0,'1.0.0'),(3000000010,'hw-003-v0',2000000003,'{\"dmr_config\": {\"revision\": 0, \"mainboard\": {\"plt_meta_data\": {\"platform\": \"DMR\", \"label_plt_cfg\": \"config_v0\"}, \"board\": {\"board_meta_data\": {\"board_name\": \"SHMRCDMR\", \"host_name\": \"host-003\", \"host_ip\": \"192.168.1.103\"}}}}}',1,1,NULL,NULL,1,'2025-11-13 10:00:00',1,'2025-11-13 08:14:30',0,'0.9.0'),(3000000011,'hw-004-v3',2000000004,'{\"dmr_config\": {\"revision\": 3, \"mainboard\": {\"plt_meta_data\": {\"platform\": \"DMR\", \"label_plt_cfg\": \"config_v3_modified\"}, \"board\": {\"board_meta_data\": {\"board_name\": \"SHMRCDMR\", \"host_name\": \"host-004\", \"host_ip\": \"192.168.1.104\"}}}}}',2,1,NULL,NULL,1,'2025-11-15 13:00:00',1,'2025-11-13 08:14:30',0,'3.0.0'),(3000000012,'hw-004-v2',2000000004,'{\"dmr_config\": {\"revision\": 2, \"mainboard\": {\"plt_meta_data\": {\"platform\": \"DMR\", \"label_plt_cfg\": \"config_v2\"}, \"board\": {\"board_meta_data\": {\"board_name\": \"SHMRCDMR\", \"host_name\": \"host-004\", \"host_ip\": \"192.168.1.104\"}}}}}',2,1,NULL,NULL,1,'2025-11-14 12:00:00',1,'2025-11-13 08:14:30',0,'2.0.0'),(3000000013,'hw-004-v1',2000000004,'{\"dmr_config\": {\"revision\": 1, \"mainboard\": {\"plt_meta_data\": {\"platform\": \"DMR\", \"label_plt_cfg\": \"config_v1\"}, \"board\": {\"board_meta_data\": {\"board_name\": \"SHMRCDMR\", \"host_name\": \"host-004\", \"host_ip\": \"192.168.1.104\"}}}}}',2,1,NULL,NULL,1,'2025-11-13 11:00:00',1,'2025-11-13 08:14:30',0,'1.0.0'),(3000000014,'hw-004-v0',2000000004,'{\"dmr_config\": {\"revision\": 0, \"mainboard\": {\"plt_meta_data\": {\"platform\": \"DMR\", \"label_plt_cfg\": \"config_v0\"}, \"board\": {\"board_meta_data\": {\"board_name\": \"SHMRCDMR\", \"host_name\": \"host-004\", \"host_ip\": \"192.168.1.104\"}}}}}',1,1,NULL,NULL,1,'2025-11-12 10:00:00',1,'2025-11-13 08:14:30',0,'0.9.0'),(3000000015,'hw-005-v2',2000000005,'{\"dmr_config\": {\"revision\": 2, \"mainboard\": {\"plt_meta_data\": {\"platform\": \"DMR\", \"label_plt_cfg\": \"config_v2\"}, \"board\": {\"board_meta_data\": {\"board_name\": \"SHMRCDMR\", \"host_name\": \"host-005\", \"host_ip\": \"192.168.1.105\"}}}}}',1,1,NULL,NULL,1,'2025-11-15 14:00:00',1,'2025-11-13 08:14:30',0,'2.0.0'),(3000000016,'hw-005-v1',2000000005,'{\"dmr_config\": {\"revision\": 1, \"mainboard\": {\"plt_meta_data\": {\"platform\": \"DMR\", \"label_plt_cfg\": \"config_v1\"}, \"board\": {\"board_meta_data\": {\"board_name\": \"SHMRCDMR\", \"host_name\": \"host-005\", \"host_ip\": \"192.168.1.105\"}}}}}',1,1,NULL,NULL,1,'2025-11-14 13:00:00',1,'2025-11-13 08:14:30',0,'1.0.0'),(3000000017,'hw-005-v0',2000000005,'{\"dmr_config\": {\"revision\": 0, \"mainboard\": {\"plt_meta_data\": {\"platform\": \"DMR\", \"label_plt_cfg\": \"config_v0\"}, \"board\": {\"board_meta_data\": {\"board_name\": \"SHMRCDMR\", \"host_name\": \"host-005\", \"host_ip\": \"192.168.1.105\"}}}}}',1,1,NULL,NULL,1,'2025-11-13 12:00:00',1,'2025-11-13 08:14:30',0,'0.9.0'),(3000000018,'hw-006-v3',2000000006,'{\"dmr_config\": {\"revision\": 3, \"mainboard\": {\"plt_meta_data\": {\"platform\": \"DMR\", \"label_plt_cfg\": \"config_v3\"}, \"board\": {\"board_meta_data\": {\"board_name\": \"SHMRCDMR\", \"host_name\": \"host-006\", \"host_ip\": \"192.168.1.106\"}}}}}',1,2,'2025-11-13 12:12:41',1,1,'2025-11-15 15:00:00',1,'2025-11-13 12:12:41',0,'3.0.0'),(3000000019,'hw-006-v2',2000000006,'{\"dmr_config\": {\"revision\": 2, \"mainboard\": {\"plt_meta_data\": {\"platform\": \"DMR\", \"label_plt_cfg\": \"config_v2\"}, \"board\": {\"board_meta_data\": {\"board_name\": \"SHMRCDMR\", \"host_name\": \"host-006\", \"host_ip\": \"192.168.1.106\"}}}}}',1,4,NULL,NULL,1,'2025-11-14 14:00:00',1,'2025-11-13 12:12:41',0,'2.0.0'),(3000000020,'hw-006-v1',2000000006,'{\"dmr_config\": {\"revision\": 1, \"mainboard\": {\"plt_meta_data\": {\"platform\": \"DMR\", \"label_plt_cfg\": \"config_v1\"}, \"board\": {\"board_meta_data\": {\"board_name\": \"SHMRCDMR\", \"host_name\": \"host-006\", \"host_ip\": \"192.168.1.106\"}}}}}',1,4,NULL,NULL,1,'2025-11-13 13:00:00',1,'2025-11-13 12:12:41',0,'1.0.0'),(3000000021,'hw-006-v0',2000000006,'{\"dmr_config\": {\"revision\": 0, \"mainboard\": {\"plt_meta_data\": {\"platform\": \"DMR\", \"label_plt_cfg\": \"config_v0\"}, \"board\": {\"board_meta_data\": {\"board_name\": \"SHMRCDMR\", \"host_name\": \"host-006\", \"host_ip\": \"192.168.1.106\"}}}}}',1,4,NULL,NULL,1,'2025-11-12 12:00:00',1,'2025-11-13 12:12:41',0,'0.9.0'),(3000000022,'hw-007-v2',2000000007,'{\"dmr_config\": {\"revision\": 2, \"mainboard\": {\"plt_meta_data\": {\"platform\": \"DMR\", \"label_plt_cfg\": \"config_v2_modified\"}, \"board\": {\"board_meta_data\": {\"board_name\": \"SHMRCDMR\", \"host_name\": \"host-007\", \"host_ip\": \"192.168.1.107\"}}}}}',2,2,'2025-11-13 12:13:22',1,1,'2025-11-16 16:00:00',1,'2025-11-13 12:13:22',0,'2.0.0'),(3000000023,'hw-007-v1',2000000007,'{\"dmr_config\": {\"revision\": 1, \"mainboard\": {\"plt_meta_data\": {\"platform\": \"DMR\", \"label_plt_cfg\": \"config_v1\"}, \"board\": {\"board_meta_data\": {\"board_name\": \"SHMRCDMR\", \"host_name\": \"host-007\", \"host_ip\": \"192.168.1.107\"}}}}}',2,4,NULL,NULL,1,'2025-11-15 15:00:00',1,'2025-11-13 12:13:22',0,'1.0.0'),(3000000024,'hw-007-v0',2000000007,'{\"dmr_config\": {\"revision\": 0, \"mainboard\": {\"plt_meta_data\": {\"platform\": \"DMR\", \"label_plt_cfg\": \"config_v0\"}, \"board\": {\"board_meta_data\": {\"board_name\": \"SHMRCDMR\", \"host_name\": \"host-007\", \"host_ip\": \"192.168.1.107\"}}}}}',2,4,NULL,NULL,1,'2025-11-14 14:00:00',1,'2025-11-13 12:13:22',0,'0.9.0'),(3000000025,'hw-008-v3',2000000008,'{\"dmr_config\": {\"revision\": 3, \"mainboard\": {\"plt_meta_data\": {\"platform\": \"DMR\", \"label_plt_cfg\": \"config_v3\"}, \"board\": {\"board_meta_data\": {\"board_name\": \"SHMRCDMR\", \"host_name\": \"host-008\", \"host_ip\": \"192.168.1.108\"}}}}}',1,1,NULL,NULL,1,'2025-11-17 17:00:00',1,'2025-11-13 08:23:37',0,'3.0.0'),(3000000026,'hw-008-v2',2000000008,'{\"dmr_config\": {\"revision\": 2, \"mainboard\": {\"plt_meta_data\": {\"platform\": \"DMR\", \"label_plt_cfg\": \"config_v2\"}, \"board\": {\"board_meta_data\": {\"board_name\": \"SHMRCDMR\", \"host_name\": \"host-008\", \"host_ip\": \"192.168.1.108\"}}}}}',1,1,NULL,NULL,1,'2025-11-16 16:00:00',1,'2025-11-13 08:23:37',0,'2.0.0'),(3000000027,'hw-008-v1',2000000008,'{\"dmr_config\": {\"revision\": 1, \"mainboard\": {\"plt_meta_data\": {\"platform\": \"DMR\", \"label_plt_cfg\": \"config_v1\"}, \"board\": {\"board_meta_data\": {\"board_name\": \"SHMRCDMR\", \"host_name\": \"host-008\", \"host_ip\": \"192.168.1.108\"}}}}}',1,1,NULL,NULL,1,'2025-11-15 15:00:00',1,'2025-11-13 08:23:37',0,'1.0.0'),(3000000028,'hw-008-v0',2000000008,'{\"dmr_config\": {\"revision\": 0, \"mainboard\": {\"plt_meta_data\": {\"platform\": \"DMR\", \"label_plt_cfg\": \"config_v0\"}, \"board\": {\"board_meta_data\": {\"board_name\": \"SHMRCDMR\", \"host_name\": \"host-008\", \"host_ip\": \"192.168.1.108\"}}}}}',1,1,NULL,NULL,1,'2025-11-14 14:00:00',1,'2025-11-13 08:23:37',0,'0.9.0'),(3000000029,'hw-009-v2',2000000009,'{\"dmr_config\": {\"revision\": 2, \"mainboard\": {\"plt_meta_data\": {\"platform\": \"DMR\", \"label_plt_cfg\": \"config_v2_modified\"}, \"board\": {\"board_meta_data\": {\"board_name\": \"SHMRCDMR\", \"host_name\": \"host-009\", \"host_ip\": \"192.168.1.109\"}}}}}',2,1,NULL,NULL,1,'2025-11-18 18:00:00',1,'2025-11-13 08:23:37',0,'2.0.0'),(3000000030,'hw-009-v1',2000000009,'{\"dmr_config\": {\"revision\": 1, \"mainboard\": {\"plt_meta_data\": {\"platform\": \"DMR\", \"label_plt_cfg\": \"config_v1\"}, \"board\": {\"board_meta_data\": {\"board_name\": \"SHMRCDMR\", \"host_name\": \"host-009\", \"host_ip\": \"192.168.1.109\"}}}}}',2,1,NULL,NULL,1,'2025-11-17 17:00:00',1,'2025-11-13 08:23:37',0,'1.0.0'),(3000000031,'hw-009-v0',2000000009,'{\"dmr_config\": {\"revision\": 0, \"mainboard\": {\"plt_meta_data\": {\"platform\": \"DMR\", \"label_plt_cfg\": \"config_v0\"}, \"board\": {\"board_meta_data\": {\"board_name\": \"SHMRCDMR\", \"host_name\": \"host-009\", \"host_ip\": \"192.168.1.109\"}}}}}',2,1,NULL,NULL,1,'2025-11-16 16:00:00',1,'2025-11-13 08:23:37',0,'0.9.0'),(3000000032,'hw-010-v3',2000000010,'{\"dmr_config\": {\"revision\": 3, \"mainboard\": {\"plt_meta_data\": {\"platform\": \"DMR\", \"label_plt_cfg\": \"config_v3\"}, \"board\": {\"board_meta_data\": {\"board_name\": \"SHMRCDMR\", \"host_name\": \"host-010\", \"host_ip\": \"192.168.1.110\"}}}}}',1,1,NULL,NULL,1,'2025-11-19 19:00:00',1,'2025-11-13 08:23:37',0,'3.0.0'),(3000000033,'hw-010-v2',2000000010,'{\"dmr_config\": {\"revision\": 2, \"mainboard\": {\"plt_meta_data\": {\"platform\": \"DMR\", \"label_plt_cfg\": \"config_v2\"}, \"board\": {\"board_meta_data\": {\"board_name\": \"SHMRCDMR\", \"host_name\": \"host-010\", \"host_ip\": \"192.168.1.110\"}}}}}',1,1,NULL,NULL,1,'2025-11-18 18:00:00',1,'2025-11-13 08:23:37',0,'2.0.0'),(3000000034,'hw-010-v1',2000000010,'{\"dmr_config\": {\"revision\": 1, \"mainboard\": {\"plt_meta_data\": {\"platform\": \"DMR\", \"label_plt_cfg\": \"config_v1\"}, \"board\": {\"board_meta_data\": {\"board_name\": \"SHMRCDMR\", \"host_name\": \"host-010\", \"host_ip\": \"192.168.1.110\"}}}}}',1,1,NULL,NULL,1,'2025-11-17 17:00:00',1,'2025-11-13 08:23:37',0,'1.0.0'),(3000000035,'hw-010-v0',2000000010,'{\"dmr_config\": {\"revision\": 0, \"mainboard\": {\"plt_meta_data\": {\"platform\": \"DMR\", \"label_plt_cfg\": \"config_v0\"}, \"board\": {\"board_meta_data\": {\"board_name\": \"SHMRCDMR\", \"host_name\": \"host-010\", \"host_ip\": \"192.168.1.110\"}}}}}',1,1,NULL,NULL,1,'2025-11-16 16:00:00',1,'2025-11-13 08:23:37',0,'0.9.0');
/*!40000 ALTER TABLE `host_hw_rec` ENABLE KEYS */;
UNLOCK TABLES;

--
-- Table structure for table `host_rec`
--

DROP TABLE IF EXISTS `host_rec`;
/*!40101 SET @saved_cs_client     = @@character_set_client */;
/*!50503 SET character_set_client = utf8mb4 */;
CREATE TABLE `host_rec` (
  `id` bigint NOT NULL COMMENT '主键',
  `host_no` varchar(64) COLLATE utf8mb4_general_ci DEFAULT NULL COMMENT '主机主键;对应 mongo 数据库 host 主键',
  `mg_id` varchar(128) COLLATE utf8mb4_general_ci DEFAULT NULL COMMENT '唯一引导id',
  `host_ip` varchar(32) COLLATE utf8mb4_general_ci DEFAULT NULL COMMENT 'ip 地址',
  `host_port` int DEFAULT NULL COMMENT 'ip 端口',
  `host_acct` varchar(32) COLLATE utf8mb4_general_ci DEFAULT NULL COMMENT '主机账号',
  `host_pwd` varchar(64) COLLATE utf8mb4_general_ci DEFAULT NULL COMMENT '主机密码',
  `mac_addr` varchar(255) COLLATE utf8mb4_general_ci DEFAULT NULL COMMENT 'mac 地址',
  `appr_state` tinyint DEFAULT NULL COMMENT '审批状态;{disable: 0, 停用. enable: 1, 启用. new: 2, 新增. change: 3, 存在改动.}',
  `host_state` tinyint DEFAULT NULL COMMENT '主机状态;{free: 0, 空闲. lock: 1, 已锁定. occ: 2, 已占用. run: 3, case执行中.offline: 4, 离线. inact: 5, 待激活. hw_chg: 6, 存在潜在的硬件改动. disable: 7, 手动停用. updating: 8, 更新中.}',
  `subm_time` datetime DEFAULT NULL COMMENT '申报时间',
  `hw_id` bigint DEFAULT NULL COMMENT '硬件记录表主键;host_hw_rec 表主键',
  `agent_ver` varchar(10) COLLATE utf8mb4_general_ci DEFAULT NULL COMMENT 'agent 版本号',
  `created_by` bigint DEFAULT NULL COMMENT '创建人',
  `created_time` datetime DEFAULT CURRENT_TIMESTAMP COMMENT '创建时间',
  `updated_by` bigint DEFAULT NULL COMMENT '更新人',
  `updated_time` datetime DEFAULT CURRENT_TIMESTAMP ON UPDATE CURRENT_TIMESTAMP COMMENT '更新时间',
  `del_flag` tinyint NOT NULL DEFAULT '0' COMMENT '删除标识;{useing: 0, 使用中. del: 1, 删除.}',
  `hardware_id` varchar(64) COLLATE utf8mb4_general_ci DEFAULT NULL COMMENT 'mongodb 主键;mongo db 硬件 id',
  `tcp_state` tinyint DEFAULT NULL COMMENT 'tcp在线状态;{close: 0, 关闭.  wait: 1, 等待. lsn: 2, 监听.}',
  PRIMARY KEY (`id`),
  KEY `ix_host` (`host_no`),
  KEY `ix_mg` (`mg_id`),
  KEY `ix_as` (`appr_state`),
  KEY `ix_mac` (`mac_addr`),
  KEY `ix_del` (`del_flag`),
  KEY `ix_st` (`subm_time`)
) ENGINE=InnoDB DEFAULT CHARSET=utf8mb4 COLLATE=utf8mb4_general_ci COMMENT='主机记录;host 列表，记录硬件变动信息';
/*!40101 SET character_set_client = @saved_cs_client */;

--
-- Dumping data for table `host_rec`
--

LOCK TABLES `host_rec` WRITE;
/*!40000 ALTER TABLE `host_rec` DISABLE KEYS */;
INSERT INTO `host_rec` VALUES (1,NULL,'1','1',1,'1','1','1',1,1,NULL,NULL,NULL,NULL,'2025-11-13 06:29:00',NULL,'2025-11-13 06:29:54',1,NULL,NULL),(2000000001,'HOST-001','MG-001','192.168.1.101',5900,'admin','HmBeGCaL+kqU0DreCSR8n6viVhqQXta7rmojLwhj850=','00:11:22:33:44:55',0,5,'2025-11-10 10:00:00',NULL,'1.0.0',1,'2025-11-13 08:14:30',1,'2025-11-13 08:23:30',0,'hw-001',2),(2000000002,'HOST-002','MG-002','192.168.1.102',5900,'root','ItsIq6X9P6wAgap0NT0dV6IEY+nXv8kyC8hg10x38+w=','00:11:22:33:44:56',2,6,'2025-11-11 11:00:00',NULL,'1.0.0',1,'2025-11-13 08:14:30',1,'2025-11-13 08:23:30',0,'hw-002',2),(2000000003,'HOST-003','MG-003','192.168.1.103',5900,'user','7nyhWTRNSmYGz7BfjJYJGCKSyiXdpcS+Xd1X9LS0gik=','00:11:22:33:44:57',0,7,'2025-11-12 12:00:00',NULL,'1.1.0',1,'2025-11-13 08:14:30',1,'2025-11-13 08:23:30',0,'hw-003',0),(2000000004,'HOST-004','MG-004','192.168.1.104',5900,'admin','OmxOvitAenCWNIbU75U+0rQdur7P86qiVi7nKGWz3cU=','00:11:22:33:44:58',2,5,'2025-11-13 13:00:00',NULL,'1.0.0',1,'2025-11-13 08:14:30',1,'2025-11-13 08:23:30',0,'hw-004',1),(2000000005,'HOST-005','MG-005','192.168.1.105',5900,'root','DsxWLyljLW9kKBHfZye5lO+stZ5RESZaU9l1QGkpq80=','00:11:22:33:44:59',0,6,'2025-11-14 14:00:00',NULL,'1.2.0',1,'2025-11-13 08:14:30',1,'2025-11-13 08:23:30',0,'hw-005',2),(2000000006,'HOST-006','MG-006','192.168.1.106',5900,'admin','MAN9RvVpmzeWpfiayQnOX9ZPm94NvvGDMWK22xcejf0=','00:11:22:33:44:60',1,0,'2025-11-13 12:12:41',3000000018,'1.0.0',1,'2025-11-13 08:21:12',1,'2025-11-13 12:12:41',0,'hw-006',2),(2000000007,'HOST-007','MG-007','192.168.1.107',5900,'root','LEi7Z86ZTzMGKlLc593y1l3Kc9rdnrEa21uhTKTrT30=','00:11:22:33:44:61',1,0,'2025-11-13 12:13:22',3000000022,'1.1.0',1,'2025-11-13 08:21:12',1,'2025-11-18 07:10:48',0,'hw-007',2),(2000000008,'HOST-008','MG-008','192.168.1.108',5900,'user','IMYzre1GTTmoMY6Dg9emlaw+hcHLhBCeXsaROk//pu4=','00:11:22:33:44:62',0,7,'2025-11-17 17:00:00',NULL,'1.2.0',1,'2025-11-13 08:21:12',1,'2025-11-13 08:23:30',0,'hw-008',0),(2000000009,'HOST-009','MG-009','192.168.1.109',5900,'admin','VtZOGEa3kcwRRGzq6vM40YHg/G9Hx62c49aEp9KNeb0=','00:11:22:33:44:63',2,5,'2025-11-18 18:00:00',NULL,'1.0.0',1,'2025-11-13 08:21:12',1,'2025-11-13 08:23:30',0,'hw-009',1),(2000000010,'HOST-010','MG-010','192.168.1.110',5900,'root','C+dxkLVludQ2Xqkh01MtNl/rzqFWitoTQFQ40NS8P5o=','00:11:22:33:44:64',0,6,'2025-11-19 19:00:00',NULL,'1.3.0',1,'2025-11-13 08:21:12',1,'2025-11-13 08:23:30',0,'hw-010',2),(3000000001,'HOST-EXEC-001','MG-EXEC-001','192.168.10.101',5900,'admin','oz2avYwtNVm4dCb4fFwhtDikHop7VBpq+K3rowvJAPM=','AA:11:22:33:44:55',0,7,'2025-11-01 10:00:00',NULL,'1.0.0',1,'2025-11-13 08:43:55',1,'2025-11-14 10:20:01',1,'hw-exec-001',2),(3000000002,'HOST-EXEC-002','MG-EXEC-002','192.168.10.102',5900,'root','G+nsljXDrB3TtITOqmX34IGYhdFYHA7hC9ha4Cxv4dI=','AA:11:22:33:44:56',1,4,'2025-11-02 11:00:00',NULL,'1.0.0',1,'2025-11-13 08:43:55',1,'2025-11-14 10:04:53',0,'hw-exec-002',2),(3000000003,'HOST-EXEC-003','MG-EXEC-003','192.168.10.103',5900,'user','dNKYYyGST8wokrhIoq08H3eukVlkJoJeVFmOa081WVs=','AA:11:22:33:44:57',0,7,'2025-11-03 12:00:00',NULL,'1.1.0',1,'2025-11-13 08:43:55',1,'2025-11-14 10:09:56',0,'hw-exec-003',2),(3000000004,'HOST-EXEC-004','MG-EXEC-004','192.168.10.104',5900,'admin','VuXew4e8daGpFUzQUKLvlB1QIl7dqgQ3jceQ89Gqzms=','AA:11:22:33:44:58',0,7,'2025-11-04 13:00:00',NULL,'1.0.0',1,'2025-11-13 08:43:55',1,'2025-11-14 10:11:20',0,'hw-exec-004',1),(3000000005,'HOST-EXEC-005','MG-EXEC-005','192.168.10.105',5900,'root','+CUBjC0D1nYaCnYdLhGVKWUfMNB8FbFeucUd8ZaJSoA=','AA:11:22:33:44:59',0,7,'2025-11-05 14:00:00',NULL,'1.2.0',1,'2025-11-13 08:43:55',1,'2025-11-14 10:11:39',0,'hw-exec-005',2),(3000000006,'HOST-EXEC-006','MG-EXEC-006','192.168.10.106',5900,'admin','MAN9RvVpmzeWpfiayQnOX9ZPm94NvvGDMWK22xcejf0=','AA:11:22:33:44:60',0,7,'2025-11-06 15:00:00',NULL,'1.0.0',1,'2025-11-13 08:43:55',1,'2025-11-14 10:12:03',0,'hw-exec-006',2),(3000000007,'HOST-EXEC-007','MG-EXEC-007','192.168.10.107',5900,'user','tuYzU4SqOufMvY3m8lfORoqLQpy6AzYtsLwaW2BBiv4=','AA:11:22:33:44:61',1,4,'2025-11-07 16:00:00',NULL,'1.1.0',1,'2025-11-13 08:43:55',1,'2025-11-14 10:12:06',0,'hw-exec-008',1),(3000000008,'HOST-EXEC-008','MG-EXEC-008','192.168.10.108',5900,'admin','IMYzre1GTTmoMY6Dg9emlaw+hcHLhBCeXsaROk//pu4=','AA:11:22:33:44:62',1,0,'2025-11-08 17:00:00',NULL,'1.2.0',1,'2025-11-13 08:43:55',1,'2025-11-14 10:14:38',1,'hw-exec-008',2),(3000000009,'HOST-EXEC-009','MG-EXEC-009','192.168.10.109',5900,'root','WdA2iX3/fVyaQ0vtfgdRX9iQHZ9Ob6+Dhl4vmG89CzE=','AA:11:22:33:44:63',1,0,'2025-11-09 18:00:00',NULL,'1.0.0',1,'2025-11-13 08:43:55',1,'2025-11-14 10:29:57',0,'hw-exec-009',2),(3000000010,'HOST-EXEC-010','MG-EXEC-010','192.168.10.110',5900,'admin','C+dxkLVludQ2Xqkh01MtNl/rzqFWitoTQFQ40NS8P5o=','AA:11:22:33:44:64',1,0,'2025-11-10 19:00:00',NULL,'1.3.0',1,'2025-11-13 08:43:55',1,'2025-11-13 08:43:55',0,'hw-exec-010',1),(1846486359367955051,NULL,'abc_123','127.0.0.2',5900,'sunwukong',NULL,NULL,1,4,'2025-10-20 07:50:16',NULL,'1.3.0',1,'2025-10-20 07:50:16',NULL,'2025-11-14 08:50:42',0,NULL,0),(1846556916488398140,NULL,'test_device_001','127.0.0.1',NULL,'sunwukong1',NULL,NULL,2,4,'2025-10-21 02:31:45',NULL,'1.3.0',1,'2025-10-21 02:31:45',NULL,'2025-12-04 08:47:02',0,NULL,0),(1846557388006625421,NULL,'test','127.0.0.1',5900,'test','8c3jKt2A9hNo0x3BLRO/S2qP44b+UvAkPVJhiIU7F6I=','123',1,1,'2025-11-13 05:55:40',NULL,'1.3.0',1,'2025-10-21 02:39:14',1,'2025-11-13 08:48:20',0,'test-hardware-1',NULL),(1847395771312739675,NULL,'test123','192.168.1.1',5900,'test',NULL,'234',1,0,'2025-11-13 07:55:50',4,'1.3.0',1,'2025-10-30 08:44:59',1,'2025-11-13 08:48:20',0,'test-hardware-2',NULL),(1849028049945533369,NULL,'54304cbd-0752-4212-9903-732867361caf','192.168.101.6',NULL,'DESKTOP-TIVO16J$',NULL,NULL,2,4,'2025-11-17 09:09:21',NULL,NULL,NULL,'2025-11-17 09:09:21',NULL,'2025-12-09 01:09:15',0,NULL,0);
/*!40000 ALTER TABLE `host_rec` ENABLE KEYS */;
UNLOCK TABLES;

--
-- Table structure for table `host_upd`
--

DROP TABLE IF EXISTS `host_upd`;
/*!40101 SET @saved_cs_client     = @@character_set_client */;
/*!50503 SET character_set_client = utf8mb4 */;
CREATE TABLE `host_upd` (
  `id` bigint NOT NULL COMMENT '主键',
  `host_id` bigint DEFAULT NULL COMMENT 'host_rec 表主键',
  `app_key` varchar(32) COLLATE utf8mb4_general_ci DEFAULT NULL COMMENT '应用 key',
  `app_name` varchar(32) COLLATE utf8mb4_general_ci DEFAULT NULL COMMENT '应用名称',
  `app_ver` varchar(32) COLLATE utf8mb4_general_ci DEFAULT NULL COMMENT '应用版本号',
  `app_state` tinyint DEFAULT '0' COMMENT '更新状态;{pre-upd: 0, 预更新. updating: 1, 更新中. success: 2, 成功. failed: 3, 失败.}',
  `created_by` bigint DEFAULT NULL COMMENT '创建人',
  `created_time` datetime DEFAULT CURRENT_TIMESTAMP COMMENT '创建时间',
  `updated_by` bigint DEFAULT NULL COMMENT '更新人',
  `updated_time` datetime DEFAULT CURRENT_TIMESTAMP ON UPDATE CURRENT_TIMESTAMP COMMENT '更新时间',
  `del_flag` tinyint NOT NULL DEFAULT '0' COMMENT '删除标识;{useing: 0, 使用中. del: 1, 删除.}',
  PRIMARY KEY (`id`)
) ENGINE=InnoDB DEFAULT CHARSET=utf8mb4 COLLATE=utf8mb4_general_ci COMMENT='主机升级记录';
/*!40101 SET character_set_client = @saved_cs_client */;

--
-- Dumping data for table `host_upd`
--

LOCK TABLES `host_upd` WRITE;
/*!40000 ALTER TABLE `host_upd` DISABLE KEYS */;
/*!40000 ALTER TABLE `host_upd` ENABLE KEYS */;
UNLOCK TABLES;

--
-- Table structure for table `sys_conf`
--

DROP TABLE IF EXISTS `sys_conf`;
/*!40101 SET @saved_cs_client     = @@character_set_client */;
/*!50503 SET character_set_client = utf8mb4 */;
CREATE TABLE `sys_conf` (
  `id` bigint NOT NULL COMMENT '主键',
  `conf_key` varchar(32) COLLATE utf8mb4_general_ci DEFAULT NULL COMMENT '配置 key',
  `conf_val` varchar(255) COLLATE utf8mb4_general_ci DEFAULT NULL COMMENT '配置值',
  `conf_ver` varchar(32) COLLATE utf8mb4_general_ci DEFAULT NULL COMMENT '配置版本号',
  `conf_name` varchar(32) COLLATE utf8mb4_general_ci DEFAULT NULL COMMENT '配置名称',
  `conf_json` longtext CHARACTER SET utf8mb4 COLLATE utf8mb4_bin COMMENT '配置 json',
  `state_flag` tinyint DEFAULT '0' COMMENT '状态;{enable_flag: 0, 启用. disable_flag: 1, 停用.}',
  `created_by` bigint DEFAULT NULL COMMENT '创建人',
  `created_time` datetime DEFAULT CURRENT_TIMESTAMP COMMENT '创建时间',
  `updated_by` bigint DEFAULT NULL COMMENT '更新人',
  `updated_time` datetime DEFAULT CURRENT_TIMESTAMP ON UPDATE CURRENT_TIMESTAMP COMMENT '更新时间',
  `del_flag` tinyint NOT NULL DEFAULT '0' COMMENT '删除标识;{useing: 0, 使用中. del: 1, 删除.}',
  PRIMARY KEY (`id`),
  KEY `ix_state` (`state_flag`),
  KEY `ix_ct` (`created_time`),
  KEY `ix_del` (`del_flag`),
  CONSTRAINT `sys_conf_chk_1` CHECK (json_valid(`conf_json`))
) ENGINE=InnoDB DEFAULT CHARSET=utf8mb4 COLLATE=utf8mb4_general_ci COMMENT='系统配置表';
/*!40101 SET character_set_client = @saved_cs_client */;

--
-- Dumping data for table `sys_conf`
--

LOCK TABLES `sys_conf` WRITE;
/*!40000 ALTER TABLE `sys_conf` DISABLE KEYS */;
INSERT INTO `sys_conf` VALUES (1,'case_timeout','30',NULL,'Case超时时间(分钟)',NULL,0,NULL,'2025-10-31 07:45:31',NULL,'2025-10-31 07:45:31',0),(2,'ota',NULL,'0.0.4','agent','{\"conf_url\": \"6389a46c-bdc9-4878-8bbb-a9c001a8a43f.mp3\", \"conf_md5\": \"60d81880186ce4bb270e72dc3daf2589\"}',0,NULL,'2025-11-12 03:20:42',1,'2025-11-26 09:07:28',0),(3,'ota',NULL,'0.0.2','ek','{\"conf_url\":\"573c96bc-d9f7-4a90-9e1f-932dfe3bfb01.whl\",\"conf_md5\":\"\"}',0,NULL,'2025-11-12 03:20:42',1,'2025-11-26 08:49:18',0),(4,'ota',NULL,'0.0.2','dmr_config','{\"conf_url\":\"f9bc6451-a69d-4730-9cdc-db1d019ef709.whl\",\"conf_md5\":\"\"}',0,NULL,'2025-11-12 03:20:42',1,'2025-11-26 08:49:18',0),(2001,'email','xiyeming@163.com','1.0','维护通知邮箱',NULL,0,1,'2025-11-13 08:14:30',1,'2025-11-18 08:27:59',0),(1848575784993397303,'email','xiyeming@163.com',NULL,'维护通知邮箱',NULL,0,1,'2025-11-12 09:20:48',1,'2025-11-18 07:59:12',1);
/*!40000 ALTER TABLE `sys_conf` ENABLE KEYS */;
UNLOCK TABLES;

--
-- Table structure for table `sys_menu`
--

DROP TABLE IF EXISTS `sys_menu`;
/*!40101 SET @saved_cs_client     = @@character_set_client */;
/*!50503 SET character_set_client = utf8mb4 */;
CREATE TABLE `sys_menu` (
  `id` bigint NOT NULL COMMENT '主键',
  `parent_id` bigint DEFAULT NULL COMMENT '父级主键',
  `menu_type` tinyint NOT NULL COMMENT '菜单类型;{dir: 1, 目录. menu: 2, 菜单. button: 3, 按钮.}',
  `menu_perm` varchar(255) COLLATE utf8mb4_general_ci DEFAULT NULL COMMENT '菜单权限;菜单下所有接口url逗号拼接',
  `menu_compo_name` varchar(32) COLLATE utf8mb4_general_ci DEFAULT NULL COMMENT 'VUE自定义组件名称',
  `menu_title` varchar(32) COLLATE utf8mb4_general_ci DEFAULT NULL COMMENT '菜单标题 i18n code',
  `menu_name` varchar(32) COLLATE utf8mb4_general_ci DEFAULT NULL COMMENT '菜单名称支持i8n',
  `menu_path` varchar(32) COLLATE utf8mb4_general_ci DEFAULT NULL COMMENT '菜单路由地址',
  `menu_redirect` varchar(32) COLLATE utf8mb4_general_ci DEFAULT NULL COMMENT '转发地址',
  `menu_compo_path` varchar(64) COLLATE utf8mb4_general_ci DEFAULT NULL COMMENT '菜单组件路径目录及为LAYOUT',
  `menu_icon` varchar(64) COLLATE utf8mb4_general_ci DEFAULT NULL COMMENT '菜单图标',
  `menu_affix` varchar(1) COLLATE utf8mb4_general_ci DEFAULT NULL COMMENT '标签是否固定;{default: "", 默认空. true: "1", 固定. false: "0", 不固定.}',
  `keep_alive` varchar(1) COLLATE utf8mb4_general_ci DEFAULT NULL COMMENT 'KeepAlive缓存，默认为空;KeepAlive缓存，默认为空',
  `link_flag` tinyint DEFAULT NULL COMMENT '链接标识，默认为空;{no: 0, 不是链接类型菜单. yes: 1, 是链接类型菜单.}',
  `show_menu` tinyint DEFAULT NULL COMMENT '显示菜单，默认为空;{no: 0, 不显示. yes: 1, 显示.}',
  `hide_menu` tinyint DEFAULT NULL COMMENT '隐藏菜单，默认为空;{no: 0, 不隐藏. yes: 1, 隐藏.}',
  `hide_childrenin_menu` tinyint DEFAULT NULL COMMENT '显示子集菜单;{no: 0, 不显示. yes: 1, 显示.}',
  `current_active_menu` varchar(64) COLLATE utf8mb4_general_ci DEFAULT NULL COMMENT '当前活动菜单',
  `hide_breadcrumb` tinyint DEFAULT NULL COMMENT '动态添加路由，默认为空;{no: 0, 否. yes: 1, 是.}',
  `sort_num` int DEFAULT NULL COMMENT '排序编号',
  `data_flag` tinyint DEFAULT NULL COMMENT '状态标识;{not_use: 0, 停用. useing: 1, 使用中.}',
  `del_flag` tinyint NOT NULL COMMENT '删除标识;{useing: 0, 使用中. del: 1, 删除.}',
  `created_by` bigint DEFAULT NULL COMMENT '创建人',
  `created_time` datetime DEFAULT CURRENT_TIMESTAMP COMMENT '创建时间',
  `updated_by` bigint DEFAULT NULL COMMENT '更新人',
  `updated_time` datetime DEFAULT CURRENT_TIMESTAMP COMMENT '更新时间',
  PRIMARY KEY (`id`),
  KEY `ix_sys_menu_del` (`del_flag`),
  KEY `ix_sys_menu_state` (`data_flag`),
  KEY `ix_sys_menu_type` (`menu_type`),
  KEY `ix_tx` (`created_time`)
) ENGINE=InnoDB DEFAULT CHARSET=utf8mb4 COLLATE=utf8mb4_general_ci COMMENT='菜单表';
/*!40101 SET character_set_client = @saved_cs_client */;

--
-- Dumping data for table `sys_menu`
--

LOCK TABLES `sys_menu` WRITE;
/*!40000 ALTER TABLE `sys_menu` DISABLE KEYS */;
/*!40000 ALTER TABLE `sys_menu` ENABLE KEYS */;
UNLOCK TABLES;

--
-- Table structure for table `sys_menu_api`
--

DROP TABLE IF EXISTS `sys_menu_api`;
/*!40101 SET @saved_cs_client     = @@character_set_client */;
/*!50503 SET character_set_client = utf8mb4 */;
CREATE TABLE `sys_menu_api` (
  `id` bigint NOT NULL COMMENT '主键',
  `menu_id` bigint DEFAULT NULL COMMENT 'sys_menu 表主键',
  `context_path` varchar(32) COLLATE utf8mb4_general_ci DEFAULT NULL COMMENT '服务地址',
  `api_method` varchar(32) COLLATE utf8mb4_general_ci DEFAULT NULL COMMENT '接口方法',
  `api_path` varchar(64) COLLATE utf8mb4_general_ci DEFAULT NULL COMMENT '接口地址',
  `del_flag` tinyint NOT NULL DEFAULT '0' COMMENT '删除标识;{useing: 0, 使用中. del: 1, 删除.}',
  `created_by` bigint DEFAULT NULL COMMENT '创建人',
  `created_time` datetime DEFAULT CURRENT_TIMESTAMP COMMENT '创建时间',
  `updated_by` bigint DEFAULT NULL COMMENT '更新人',
  `updated_time` datetime DEFAULT CURRENT_TIMESTAMP COMMENT '更新时间',
  PRIMARY KEY (`id`),
  KEY `ix_api_del` (`del_flag`),
  KEY `ix_api_menu` (`menu_id`)
) ENGINE=InnoDB DEFAULT CHARSET=utf8mb4 COLLATE=utf8mb4_general_ci COMMENT='菜单 权限 api 地址';
/*!40101 SET character_set_client = @saved_cs_client */;

--
-- Dumping data for table `sys_menu_api`
--

LOCK TABLES `sys_menu_api` WRITE;
/*!40000 ALTER TABLE `sys_menu_api` DISABLE KEYS */;
/*!40000 ALTER TABLE `sys_menu_api` ENABLE KEYS */;
UNLOCK TABLES;

--
-- Table structure for table `sys_role`
--

DROP TABLE IF EXISTS `sys_role`;
/*!40101 SET @saved_cs_client     = @@character_set_client */;
/*!50503 SET character_set_client = utf8mb4 */;
CREATE TABLE `sys_role` (
  `id` bigint NOT NULL COMMENT '主键',
  `role_name` varchar(32) COLLATE utf8mb4_general_ci DEFAULT NULL COMMENT '角色名称中文',
  `role_remarks` varchar(128) COLLATE utf8mb4_general_ci DEFAULT NULL COMMENT '备注说明',
  `data_state` tinyint DEFAULT '1' COMMENT '状态;{enable_flag: 0, 启用. disable_flag: 1, 停用.}',
  `order_seq` int DEFAULT NULL COMMENT '排序',
  `del_flag` tinyint NOT NULL DEFAULT '0' COMMENT '逻辑删除;{useing: 0, 使用中. del: 1, 删除.}',
  `admin_flag` tinyint NOT NULL DEFAULT '0' COMMENT '超级管理员标识;{business_role: 0, 业务角色. super_administrator: 1, 超级管理员. mhg_role: 2, 商户角色.}',
  `created_by` bigint DEFAULT NULL COMMENT '创建人',
  `created_time` datetime DEFAULT CURRENT_TIMESTAMP COMMENT '创建时间',
  `updated_by` bigint DEFAULT NULL COMMENT '更新人',
  `updated_time` datetime DEFAULT CURRENT_TIMESTAMP COMMENT '更新时间',
  PRIMARY KEY (`id`),
  KEY `ix_role_del` (`del_flag`),
  KEY `ix_role_state` (`data_state`)
) ENGINE=InnoDB DEFAULT CHARSET=utf8mb4 COLLATE=utf8mb4_general_ci COMMENT='系统--角色表';
/*!40101 SET character_set_client = @saved_cs_client */;

--
-- Dumping data for table `sys_role`
--

LOCK TABLES `sys_role` WRITE;
/*!40000 ALTER TABLE `sys_role` DISABLE KEYS */;
/*!40000 ALTER TABLE `sys_role` ENABLE KEYS */;
UNLOCK TABLES;

--
-- Table structure for table `sys_role_menu`
--

DROP TABLE IF EXISTS `sys_role_menu`;
/*!40101 SET @saved_cs_client     = @@character_set_client */;
/*!50503 SET character_set_client = utf8mb4 */;
CREATE TABLE `sys_role_menu` (
  `id` bigint NOT NULL COMMENT '主键',
  `menu_id` bigint DEFAULT NULL COMMENT '菜单Id',
  `role_id` bigint DEFAULT NULL COMMENT '角色id',
  `del_flag` tinyint NOT NULL DEFAULT '0' COMMENT '逻辑删除;{useing: 0, 使用中. del: 1, 删除.}',
  `created_by` bigint DEFAULT NULL COMMENT '创建人',
  `created_time` datetime DEFAULT CURRENT_TIMESTAMP COMMENT '创建时间',
  PRIMARY KEY (`id`),
  KEY `ix_rm_del` (`del_flag`),
  KEY `ix_rm_rid` (`role_id`)
) ENGINE=InnoDB DEFAULT CHARSET=utf8mb4 COLLATE=utf8mb4_general_ci COMMENT='系统--角色菜单表';
/*!40101 SET character_set_client = @saved_cs_client */;

--
-- Dumping data for table `sys_role_menu`
--

LOCK TABLES `sys_role_menu` WRITE;
/*!40000 ALTER TABLE `sys_role_menu` DISABLE KEYS */;
/*!40000 ALTER TABLE `sys_role_menu` ENABLE KEYS */;
UNLOCK TABLES;

--
-- Table structure for table `sys_role_user`
--

DROP TABLE IF EXISTS `sys_role_user`;
/*!40101 SET @saved_cs_client     = @@character_set_client */;
/*!50503 SET character_set_client = utf8mb4 */;
CREATE TABLE `sys_role_user` (
  `id` bigint NOT NULL COMMENT '主键',
  `user_id` bigint DEFAULT NULL COMMENT '用户Id',
  `role_id` bigint DEFAULT NULL COMMENT '角色id',
  `del_flag` tinyint NOT NULL DEFAULT '0' COMMENT '逻辑删除;{useing: 0, 使用中. del: 1, 删除.}',
  `data_state` tinyint NOT NULL DEFAULT '1' COMMENT '状态;{enable_flag: 0, 启用. disable_flag: 1, 停用.}',
  `created_by` bigint DEFAULT NULL COMMENT '创建人',
  `created_time` datetime DEFAULT CURRENT_TIMESTAMP COMMENT '创建时间',
  `updated_by` bigint DEFAULT NULL COMMENT '更新人',
  `updated_time` datetime DEFAULT CURRENT_TIMESTAMP COMMENT '更新时间',
  PRIMARY KEY (`id`),
  KEY `ix_ru_del` (`del_flag`),
  KEY `ix_ru_rid` (`role_id`),
  KEY `ix_ru_uid` (`user_id`)
) ENGINE=InnoDB DEFAULT CHARSET=utf8mb4 COLLATE=utf8mb4_general_ci COMMENT='系统--用户角色表';
/*!40101 SET character_set_client = @saved_cs_client */;

--
-- Dumping data for table `sys_role_user`
--

LOCK TABLES `sys_role_user` WRITE;
/*!40000 ALTER TABLE `sys_role_user` DISABLE KEYS */;
/*!40000 ALTER TABLE `sys_role_user` ENABLE KEYS */;
UNLOCK TABLES;

--
-- Table structure for table `sys_user`
--

DROP TABLE IF EXISTS `sys_user`;
/*!40101 SET @saved_cs_client     = @@character_set_client */;
/*!50503 SET character_set_client = utf8mb4 */;
CREATE TABLE `sys_user` (
  `id` bigint NOT NULL COMMENT '主键',
  `user_name` varchar(32) COLLATE utf8mb4_general_ci DEFAULT NULL COMMENT '用户名称',
  `user_account` varchar(32) COLLATE utf8mb4_general_ci DEFAULT NULL COMMENT '登录账号',
  `user_pwd` varchar(128) COLLATE utf8mb4_general_ci DEFAULT NULL COMMENT '登录密码',
  `user_avatar` varchar(32) COLLATE utf8mb4_general_ci DEFAULT NULL COMMENT '用户头像',
  `email` varchar(32) COLLATE utf8mb4_general_ci DEFAULT NULL COMMENT '邮箱',
  `state_flag` tinyint DEFAULT '0' COMMENT '账号状态;{enable_flag: 0, 启用. disable_flag: 1, 停用.}',
  `created_by` bigint DEFAULT NULL COMMENT '创建人',
  `created_time` datetime DEFAULT CURRENT_TIMESTAMP COMMENT '创建时间',
  `updated_by` bigint DEFAULT NULL COMMENT '更新人',
  `updated_time` datetime DEFAULT CURRENT_TIMESTAMP ON UPDATE CURRENT_TIMESTAMP COMMENT '更新时间',
  `del_flag` tinyint NOT NULL DEFAULT '0' COMMENT '删除标识;{useing: 0, 使用中. del: 1, 删除.}',
  PRIMARY KEY (`id`),
  KEY `ix_ct` (`created_time`),
  KEY `ix_del` (`del_flag`)
) ENGINE=InnoDB DEFAULT CHARSET=utf8mb4 COLLATE=utf8mb4_general_ci COMMENT='管理后台用户;管理后台用户';
/*!40101 SET character_set_client = @saved_cs_client */;

--
-- Dumping data for table `sys_user`
--

LOCK TABLES `sys_user` WRITE;
/*!40000 ALTER TABLE `sys_user` DISABLE KEYS */;
INSERT INTO `sys_user` VALUES (1,'系统管理员','admin','$2b$12$dgyay7x3FFMwwVNpEYBuR.Thmk065JAkUYKKr2U4zoezE.aKDS8YG',NULL,'admin@example.com',0,0,'2025-11-11 08:01:52',0,'2025-11-11 08:01:52',0),(1002,'测试审批人','approver','$2b$12$LQv3c1yqBWVHxkd0LHAkCOYz6TtxMQJqhN8/LewY5GyY5Y5Y5Y5Y5',NULL,'approver@intel.com',0,1,'2025-11-13 08:14:30',1,'2025-11-13 08:14:30',0);
/*!40000 ALTER TABLE `sys_user` ENABLE KEYS */;
UNLOCK TABLES;

--
-- Dumping routines for database 'intel_cw'
--
--
-- WARNING: can't read the INFORMATION_SCHEMA.libraries table. It's most probably an old server 8.4.2.
--
/*!40103 SET TIME_ZONE=@OLD_TIME_ZONE */;

/*!40101 SET SQL_MODE=@OLD_SQL_MODE */;
/*!40014 SET FOREIGN_KEY_CHECKS=@OLD_FOREIGN_KEY_CHECKS */;
/*!40014 SET UNIQUE_CHECKS=@OLD_UNIQUE_CHECKS */;
/*!40101 SET CHARACTER_SET_CLIENT=@OLD_CHARACTER_SET_CLIENT */;
/*!40101 SET CHARACTER_SET_RESULTS=@OLD_CHARACTER_SET_RESULTS */;
/*!40101 SET COLLATION_CONNECTION=@OLD_COLLATION_CONNECTION */;
/*!40111 SET SQL_NOTES=@OLD_SQL_NOTES */;

-- Dump completed on 2025-12-16 11:31:21
